const_buyBeef,const_buyBread,const_buyFlour,const_buyFuel,const_buyLand,const_buyMu,const_buyOil,const_buySigma,const_buyWheat,const_consumeBeef,const_consumeBread,const_consumeFlour,const_consumeFuel,const_consumeMu,const_consumeOil,const_consumeSigma,const_consumeWheat,const_enjoyBeefMu,const_enjoyBeefSigma,const_enjoyBreadMu,const_enjoyBreadSigma,const_enjoyFlourMu,const_enjoyFlourSigma,const_enjoyFuelMu,const_enjoyFuelSigma,const_enjoyOilMu,const_enjoyOilSigma,const_enjoyWheatMu,const_enjoyWheatSigma,const_femaleActiveMu,const_femaleActiveSigma,const_femaleBonusSalMu,const_femaleBonusSalSigma,const_femaleEduMu,const_femaleEduSigma,const_genderMu,const_genderSigma,const_maleActiveMu,const_maleActiveSigma,const_maleBonusSalMu,const_maleBonusSalSigma,const_maleEduMu,const_maleEduSigma,const_number,var_capitalMu,var_capitalSigma,var_happinessMu,var_happinessSigma,var_salaryMu,var_salarySigma,var_total_value_destroyedMu,var_total_value_destroyedSigma
0.7439069996313278,0.4708899259352701,0.930791830984967,0.4397151843895264,0.05495249295696647,5.453234943270483,0.052735196473913226,9.128448295432493,0.753231323277553,0.9231522856220445,0.12613126215936554,0.37447804156891007,0.47677246407471463,10.005425836576995,0.23461282084811175,9.018426006482953,0.21274747904192826,655.3831398093034,420.95422565373195,765.5612688433847,414.9614976995675,314.5993102409904,272.48767783899797,69.70936328452215,477.2988904101473,352.057302140515,338.1506289982471,676.0183820049987,743.3883039175175,0.5454632182549471,0.42047377592972257,474.59574769690437,520.8489440820847,0.1360230452428024,5.553437448396469,0.24669003556688307,0.6175667664955451,0.3613459934366289,0.879804914671009,652.6076253427325,886.0298015244493,1.8884747017124492,5.001420475744231,744.0,1355.047247868337,6189.157894825311,10.041225774231357,2.0291169913428937,112176.46318632553,365364.2273303087,93.37088898832866,12.611453125621852
0.7439069996313278,0.4708899259352701,0.930791830984967,0.4397151843895264,0.05495249295696647,5.453234943270483,0.052735196473913226,9.128448295432493,0.753231323277553,0.9231522856220445,0.12613126215936554,0.37447804156891007,0.47677246407471463,10.005425836576995,0.23461282084811175,9.018426006482953,0.21274747904192826,655.3831398093034,420.95422565373195,765.5612688433847,414.9614976995675,314.5993102409904,272.48767783899797,69.70936328452215,477.2988904101473,352.057302140515,338.1506289982471,676.0183820049987,743.3883039175175,0.5454632182549471,0.42047377592972257,474.59574769690437,520.8489440820847,0.1360230452428024,5.553437448396469,0.24669003556688307,0.6175667664955451,0.3613459934366289,0.879804914671009,652.6076253427325,886.0298015244493,1.8884747017124492,5.001420475744231,744.0,1189720.5055812008,1.4411109222015915E7,-653.2679140107145,2634.2372443924924,1102971.6088709675,148992.37805453563,93.37088898832866,12.611453125621852
0.7439069996313278,0.4708899259352701,0.930791830984967,0.4397151843895264,0.05495249295696647,5.453234943270483,0.052735196473913226,9.128448295432493,0.753231323277553,0.9231522856220445,0.12613126215936554,0.37447804156891007,0.47677246407471463,10.005425836576995,0.23461282084811175,9.018426006482953,0.21274747904192826,655.3831398093034,420.95422565373195,765.5612688433847,414.9614976995675,314.5993102409904,272.48767783899797,69.70936328452215,477.2988904101473,352.057302140515,338.1506289982471,676.0183820049987,743.3883039175175,0.5454632182549471,0.42047377592972257,474.59574769690437,520.8489440820847,0.1360230452428024,5.553437448396469,0.24669003556688307,0.6175667664955451,0.3613459934366289,0.879804914671009,652.6076253427325,886.0298015244493,1.8884747017124492,5.001420475744231,744.0,6673416.743484432,1.4445961349345101E7,-978.2692580967363,3217.752457686096,1100657.6411290322,149136.17545642777,12983.442542505412,173879.95774625952
0.7439069996313278,0.4708899259352701,0.930791830984967,0.4397151843895264,0.05495249295696647,5.453234943270483,0.052735196473913226,9.128448295432493,0.753231323277553,0.9231522856220445,0.12613126215936554,0.37447804156891007,0.47677246407471463,10.005425836576995,0.23461282084811175,9.018426006482953,0.21274747904192826,655.3831398093034,420.95422565373195,765.5612688433847,414.9614976995675,314.5993102409904,272.48767783899797,69.70936328452215,477.2988904101473,352.057302140515,338.1506289982471,676.0183820049987,743.3883039175175,0.5454632182549471,0.42047377592972257,474.59574769690437,520.8489440820847,0.1360230452428024,5.553437448396469,0.24669003556688307,0.6175667664955451,0.3613459934366289,0.879804914671009,652.6076253427325,886.0298015244493,1.8884747017124492,5.001420475744231,744.0,1.2144621446441427E7,1.451750395205125E7,-1180.2638817526501,3834.5780743017276,1100137.0752688171,149171.96578673832,33885.055249319856,341421.7749422331
0.7439069996313278,0.4708899259352701,0.930791830984967,0.4397151843895264,0.05495249295696647,5.453234943270483,0.052735196473913226,9.128448295432493,0.753231323277553,0.9231522856220445,0.12613126215936554,0.37447804156891007,0.47677246407471463,10.005425836576995,0.23461282084811175,9.018426006482953,0.21274747904192826,655.3831398093034,420.95422565373195,765.5612688433847,414.9614976995675,314.5993102409904,272.48767783899797,69.70936328452215,477.2988904101473,352.057302140515,338.1506289982471,676.0183820049987,743.3883039175175,0.5454632182549471,0.42047377592972257,474.59574769690437,520.8489440820847,0.1360230452428024,5.553437448396469,0.24669003556688307,0.6175667664955451,0.3613459934366289,0.879804914671009,652.6076253427325,886.0298015244493,1.8884747017124492,5.001420475744231,744.0,1.7629376907462917E7,1.4625311889847301E7,-1271.0474839031879,3758.3113077765975,1097300.4395161292,149271.33698442345,39545.772733391655,362836.69043509354
0.7439069996313278,0.4708899259352701,0.930791830984967,0.4397151843895264,0.05495249295696647,5.453234943270483,0.052735196473913226,9.128448295432493,0.753231323277553,0.9231522856220445,0.12613126215936554,0.37447804156891007,0.47677246407471463,10.005425836576995,0.23461282084811175,9.018426006482953,0.21274747904192826,655.3831398093034,420.95422565373195,765.5612688433847,414.9614976995675,314.5993102409904,272.48767783899797,69.70936328452215,477.2988904101473,352.057302140515,338.1506289982471,676.0183820049987,743.3883039175175,0.5454632182549471,0.42047377592972257,474.59574769690437,520.8489440820847,0.1360230452428024,5.553437448396469,0.24669003556688307,0.6175667664955451,0.3613459934366289,0.879804914671009,652.6076253427325,886.0298015244493,1.8884747017124492,5.001420475744231,744.0,2.2387718981387664E7,1.5023709478728123E7,-1268.6335054085646,4146.059465248027,1097132.9758064516,149275.00570199304,277009.4162010108,1801641.2518393314
0.7439069996313278,0.4708899259352701,0.930791830984967,0.4397151843895264,0.05495249295696647,5.453234943270483,0.052735196473913226,9.128448295432493,0.753231323277553,0.9231522856220445,0.12613126215936554,0.37447804156891007,0.47677246407471463,10.005425836576995,0.23461282084811175,9.018426006482953,0.21274747904192826,655.3831398093034,420.95422565373195,765.5612688433847,414.9614976995675,314.5993102409904,272.48767783899797,69.70936328452215,477.2988904101473,352.057302140515,338.1506289982471,676.0183820049987,743.3883039175175,0.5454632182549471,0.42047377592972257,474.59574769690437,520.8489440820847,0.1360230452428024,5.553437448396469,0.24669003556688307,0.6175667664955451,0.3613459934366289,0.879804914671009,652.6076253427325,886.0298015244493,1.8884747017124492,5.001420475744231,744.0,2.7835052883269362E7,1.5253525507265814E7,-1083.1402258386722,4134.094524177986,1093461.2647849463,149383.4005240907,393148.97247806663,2146830.5961237624
0.7439069996313278,0.4708899259352701,0.930791830984967,0.4397151843895264,0.05495249295696647,5.453234943270483,0.052735196473913226,9.128448295432493,0.753231323277553,0.9231522856220445,0.12613126215936554,0.37447804156891007,0.47677246407471463,10.005425836576995,0.23461282084811175,9.018426006482953,0.21274747904192826,655.3831398093034,420.95422565373195,765.5612688433847,414.9614976995675,314.5993102409904,272.48767783899797,69.70936328452215,477.2988904101473,352.057302140515,338.1506289982471,676.0183820049987,743.3883039175175,0.5454632182549471,0.42047377592972257,474.59574769690437,520.8489440820847,0.1360230452428024,5.553437448396469,0.24669003556688307,0.6175667664955451,0.3613459934366289,0.879804914671009,652.6076253427325,886.0298015244493,1.8884747017124492,5.001420475744231,744.0,3.1825292111764E7,1.6489203755205685E7,-957.9157634730808,4540.888055681109,1087311.7446236562,149299.88058441575,781831.3199538528,3471261.601694982
0.7439069996313278,0.4708899259352701,0.930791830984967,0.4397151843895264,0.05495249295696647,5.453234943270483,0.052735196473913226,9.128448295432493,0.753231323277553,0.9231522856220445,0.12613126215936554,0.37447804156891007,0.47677246407471463,10.005425836576995,0.23461282084811175,9.018426006482953,0.21274747904192826,655.3831398093034,420.95422565373195,765.5612688433847,414.9614976995675,314.5993102409904,272.48767783899797,69.70936328452215,477.2988904101473,352.057302140515,338.1506289982471,676.0183820049987,743.3883039175175,0.5454632182549471,0.42047377592972257,474.59574769690437,520.8489440820847,0.1360230452428024,5.553437448396469,0.24669003556688307,0.6175667664955451,0.3613459934366289,0.879804914671009,652.6076253427325,886.0298015244493,1.8884747017124492,5.001420475744231,744.0,3.719887465477478E7,1.675253758566521E7,-789.6657634730806,4737.086734312359,1087311.7446236562,149299.88058441575,1150580.6828052383,4370213.248525431
0.7439069996313278,0.4708899259352701,0.930791830984967,0.4397151843895264,0.05495249295696647,5.453234943270483,0.052735196473913226,9.128448295432493,0.753231323277553,0.9231522856220445,0.12613126215936554,0.37447804156891007,0.47677246407471463,10.005425836576995,0.23461282084811175,9.018426006482953,0.21274747904192826,655.3831398093034,420.95422565373195,765.5612688433847,414.9614976995675,314.5993102409904,272.48767783899797,69.70936328452215,477.2988904101473,352.057302140515,338.1506289982471,676.0183820049987,743.3883039175175,0.5454632182549471,0.42047377592972257,474.59574769690437,520.8489440820847,0.1360230452428024,5.553437448396469,0.24669003556688307,0.6175667664955451,0.3613459934366289,0.879804914671009,652.6076253427325,886.0298015244493,1.8884747017124492,5.001420475744231,744.0,4.089734058891455E7,1.8477252957143303E7,-501.00850540856413,5167.888144046839,1087311.7446236562,149299.88058441575,1954040.23466897,5924542.503881362
0.7439069996313278,0.4708899259352701,0.930791830984967,0.4397151843895264,0.05495249295696647,5.453234943270483,0.052735196473913226,9.128448295432493,0.753231323277553,0.9231522856220445,0.12613126215936554,0.37447804156891007,0.47677246407471463,10.005425836576995,0.23461282084811175,9.018426006482953,0.21274747904192826,655.3831398093034,420.95422565373195,765.5612688433847,414.9614976995675,314.5993102409904,272.48767783899797,69.70936328452215,477.2988904101473,352.057302140515,338.1506289982471,676.0183820049987,743.3883039175175,0.5454632182549471,0.42047377592972257,474.59574769690437,520.8489440820847,0.1360230452428024,5.553437448396469,0.24669003556688307,0.6175667664955451,0.3613459934366289,0.879804914671009,652.6076253427325,886.0298015244493,1.8884747017124492,5.001420475744231,744.0,4.627092312789307E7,1.879873893688517E7,-329.239688204263,5588.4336070778345,1087311.7446236562,149299.88058441575,2517747.647672728,7094314.814691468
0.7439069996313278,0.4708899259352701,0.930791830984967,0.4397151843895264,0.05495249295696647,5.453234943270483,0.052735196473913226,9.128448295432493,0.753231323277553,0.9231522856220445,0.12613126215936554,0.37447804156891007,0.47677246407471463,10.005425836576995,0.23461282084811175,9.018426006482953,0.21274747904192826,655.3831398093034,420.95422565373195,765.5612688433847,414.9614976995675,314.5993102409904,272.48767783899797,69.70936328452215,477.2988904101473,352.057302140515,338.1506289982471,676.0183820049987,743.3883039175175,0.5454632182549471,0.42047377592972257,474.59574769690437,520.8489440820847,0.1360230452428024,5.553437448396469,0.24669003556688307,0.6175667664955451,0.3613459934366289,0.879804914671009,652.6076253427325,886.0298015244493,1.8884747017124492,5.001420475744231,744.0,5.063964131472093E7,1.9723554214169305E7,-265.5286666988864,5900.671351380332,1087311.7446236562,149299.88058441575,3042162.027921451,7863271.6676970115
0.7439069996313278,0.4708899259352701,0.930791830984967,0.4397151843895264,0.05495249295696647,5.453234943270483,0.052735196473913226,9.128448295432493,0.753231323277553,0.9231522856220445,0.12613126215936554,0.37447804156891007,0.47677246407471463,10.005425836576995,0.23461282084811175,9.018426006482953,0.21274747904192826,655.3831398093034,420.95422565373195,765.5612688433847,414.9614976995675,314.5993102409904,272.48767783899797,69.70936328452215,477.2988904101473,352.057302140515,338.1506289982471,676.0183820049987,743.3883039175175,0.5454632182549471,0.42047377592972257,474.59574769690437,520.8489440820847,0.1360230452428024,5.553437448396469,0.24669003556688307,0.6175667664955451,0.3613459934366289,0.879804914671009,652.6076253427325,886.0298015244493,1.8884747017124492,5.001420475744231,744.0,5.604498289671022E7,2.0046127523074448E7,-162.20474196770365,6279.6389347902605,1087311.7446236562,149299.88058441575,3622563.5107796798,8653547.928438725
0.7439069996313278,0.4708899259352701,0.930791830984967,0.4397151843895264,0.05495249295696647,5.453234943270483,0.052735196473913226,9.128448295432493,0.753231323277553,0.9231522856220445,0.12613126215936554,0.37447804156891007,0.47677246407471463,10.005425836576995,0.23461282084811175,9.018426006482953,0.21274747904192826,655.3831398093034,420.95422565373195,765.5612688433847,414.9614976995675,314.5993102409904,272.48767783899797,69.70936328452215,477.2988904101473,352.057302140515,338.1506289982471,676.0183820049987,743.3883039175175,0.5454632182549471,0.42047377592972257,474.59574769690437,520.8489440820847,0.1360230452428024,5.553437448396469,0.24669003556688307,0.6175667664955451,0.3613459934366289,0.879804914671009,652.6076253427325,886.0298015244493,1.8884747017124492,5.001420475744231,744.0,5.932730259429086E7,2.178457719545767E7,80.32482792476985,6285.156996342709,1087311.7446236562,149299.88058441575,4318283.507611159,9790168.029179946
0.7439069996313278,0.4708899259352701,0.930791830984967,0.4397151843895264,0.05495249295696647,5.453234943270483,0.052735196473913226,9.128448295432493,0.753231323277553,0.9231522856220445,0.12613126215936554,0.37447804156891007,0.47677246407471463,10.005425836576995,0.23461282084811175,9.018426006482953,0.21274747904192826,655.3831398093034,420.95422565373195,765.5612688433847,414.9614976995675,314.5993102409904,272.48767783899797,69.70936328452215,477.2988904101473,352.057302140515,338.1506289982471,676.0183820049987,743.3883039175175,0.5454632182549471,0.42047377592972257,474.59574769690437,520.8489440820847,0.1360230452428024,5.553437448396469,0.24669003556688307,0.6175667664955451,0.3613459934366289,0.879804914671009,652.6076253427325,886.0298015244493,1.8884747017124492,5.001420475744231,744.0,6.475591309697897E7,2.2127760997473557E7,307.8234838387481,6354.715592258047,1087311.7446236562,149299.88058441575,4885961.047253872,1.031052923760811E7
0.7439069996313278,0.4708899259352701,0.930791830984967,0.4397151843895264,0.05495249295696647,5.453234943270483,0.052735196473913226,9.128448295432493,0.753231323277553,0.9231522856220445,0.12613126215936554,0.37447804156891007,0.47677246407471463,10.005425836576995,0.23461282084811175,9.018426006482953,0.21274747904192826,655.3831398093034,420.95422565373195,765.5612688433847,414.9614976995675,314.5993102409904,272.48767783899797,69.70936328452215,477.2988904101473,352.057302140515,338.1506289982471,676.0183820049987,743.3883039175175,0.5454632182549471,0.42047377592972257,474.59574769690437,520.8489440820847,0.1360230452428024,5.553437448396469,0.24669003556688307,0.6175667664955451,0.3613459934366289,0.879804914671009,652.6076253427325,886.0298015244493,1.8884747017124492,5.001420475744231,744.0,6.803804070450592E7,2.4042545162330464E7,525.4310107204689,7103.657342019354,1087311.7446236562,149299.88058441575,5895163.776929778,1.175096240882541E7
0.7439069996313278,0.4708899259352701,0.930791830984967,0.4397151843895264,0.05495249295696647,5.453234943270483,0.052735196473913226,9.128448295432493,0.753231323277553,0.9231522856220445,0.12613126215936554,0.37447804156891007,0.47677246407471463,10.005425836576995,0.23461282084811175,9.018426006482953,0.21274747904192826,655.3831398093034,420.95422565373195,765.5612688433847,414.9614976995675,314.5993102409904,272.48767783899797,69.70936328452215,477.2988904101473,352.057302140515,338.1506289982471,676.0183820049987,743.3883039175175,0.5454632182549471,0.42047377592972257,474.59574769690437,520.8489440820847,0.1360230452428024,5.553437448396469,0.24669003556688307,0.6175667664955451,0.3613459934366289,0.879804914671009,652.6076253427325,886.0298015244493,1.8884747017124492,5.001420475744231,744.0,7.344361187117264E7,2.4419231422470007E7,921.5855806129398,7321.610683635057,1087311.7446236562,149299.88058441575,6824385.575473558,1.2618050909552624E7
0.7439069996313278,0.4708899259352701,0.930791830984967,0.4397151843895264,0.05495249295696647,5.453234943270483,0.052735196473913226,9.128448295432493,0.753231323277553,0.9231522856220445,0.12613126215936554,0.37447804156891007,0.47677246407471463,10.005425836576995,0.23461282084811175,9.018426006482953,0.21274747904192826,655.3831398093034,420.95422565373195,765.5612688433847,414.9614976995675,314.5993102409904,272.48767783899797,69.70936328452215,477.2988904101473,352.057302140515,338.1506289982471,676.0183820049987,743.3883039175175,0.5454632182549471,0.42047377592972257,474.59574769690437,520.8489440820847,0.1360230452428024,5.553437448396469,0.24669003556688307,0.6175667664955451,0.3613459934366289,0.879804914671009,652.6076253427325,886.0298015244493,1.8884747017124492,5.001420475744231,744.0,7.775739498676403E7,2.562848781319663E7,1155.5560107204667,7730.306422709059,1087311.7446236562,149299.88058441575,7729196.074660671,1.3456021871295651E7
0.7439069996313278,0.4708899259352701,0.930791830984967,0.4397151843895264,0.05495249295696647,5.453234943270483,0.052735196473913226,9.128448295432493,0.753231323277553,0.9231522856220445,0.12613126215936554,0.37447804156891007,0.47677246407471463,10.005425836576995,0.23461282084811175,9.018426006482953,0.21274747904192826,655.3831398093034,420.95422565373195,765.5612688433847,414.9614976995675,314.5993102409904,272.48767783899797,69.70936328452215,477.2988904101473,352.057302140515,338.1506289982471,676.0183820049987,743.3883039175175,0.5454632182549471,0.42047377592972257,474.59574769690437,520.8489440820847,0.1360230452428024,5.553437448396469,0.24669003556688307,0.6175667664955451,0.3613459934366289,0.879804914671009,652.6076253427325,886.0298015244493,1.8884747017124492,5.001420475744231,744.0,8.318600549214035E7,2.600939310490111E7,1240.3691827634784,8015.094606168188,1087311.7446236562,149299.88058441575,8461043.806396423,1.4375675277970452E7
0.7439069996313278,0.4708899259352701,0.930791830984967,0.4397151843895264,0.05495249295696647,5.453234943270483,0.052735196473913226,9.128448295432493,0.753231323277553,0.9231522856220445,0.12613126215936554,0.37447804156891007,0.47677246407471463,10.005425836576995,0.23461282084811175,9.018426006482953,0.21274747904192826,655.3831398093034,420.95422565373195,765.5612688433847,414.9614976995675,314.5993102409904,272.48767783899797,69.70936328452215,477.2988904101473,352.057302140515,338.1506289982471,676.0183820049987,743.3883039175175,0.5454632182549471,0.42047377592972257,474.59574769690437,520.8489440820847,0.1360230452428024,5.553437448396469,0.24669003556688307,0.6175667664955451,0.3613459934366289,0.879804914671009,652.6076253427325,886.0298015244493,1.8884747017124492,5.001420475744231,744.0,8.65001241547747E7,2.7709986152639702E7,1619.222677387133,8310.579830610552,1087311.7446236562,149299.88058441575,9248860.423661282,1.496257361051059E7
0.8066550533222759,0.9831222246808938,0.48126402060233386,0.9651477419086505,0.587213290894861,10.473559138087571,0.31561435819676265,4.518357471247481,0.26420987443530775,0.910042474502337,0.6640222744506064,0.2172446643737701,0.5673326032390992,2.2328047426537703,0.08810068173962415,5.332273320462114,0.5489412857894969,4.81145203122868,937.4983403927563,824.3988714731123,973.7804822259263,573.6072964929858,134.47180434200334,675.8715431742486,800.9829575143312,667.051074157649,886.4536732899221,960.1854122361493,82.00976836586837,0.0757380262497439,0.7542208335690609,476.2203680403048,915.9996703348883,5.144663303127231,3.9254397575951483,0.1349257481609677,0.031656679385264064,0.7899421416594716,0.03646092555382541,794.6272359572055,552.916523009019,9.271385428977968,6.583099280237423,837.0,4359.003186690815,8473.658314773375,63.49713369971674,13.90316321825576,139917.29062511324,240195.85322434606,60.72045540404705,87.9749478332192
0.8066550533222759,0.9831222246808938,0.48126402060233386,0.9651477419086505,0.587213290894861,10.473559138087571,0.31561435819676265,4.518357471247481,0.26420987443530775,0.910042474502337,0.6640222744506064,0.2172446643737701,0.5673326032390992,2.2328047426537703,0.08810068173962415,5.332273320462114,0.5489412857894969,4.81145203122868,937.4983403927563,824.3988714731123,973.7804822259263,573.6072964929858,134.47180434200334,675.8715431742486,800.9829575143312,667.051074157649,886.4536732899221,960.1854122361493,82.00976836586837,0.0757380262497439,0.7542208335690609,476.2203680403048,915.9996703348883,5.144663303127231,3.9254397575951483,0.1349257481609677,0.031656679385264064,0.7899421416594716,0.03646092555382541,794.6272359572055,552.916523009019,9.271385428977968,6.583099280237423,837.0,236161.98168131433,3424895.9585489794,-2437.588887805663,5352.402428293432,313453.31541218667,94501.63808420596,60.72045540404705,87.9749478332192
0.8066550533222759,0.9831222246808938,0.48126402060233386,0.9651477419086505,0.587213290894861,10.473559138087571,0.31561435819676265,4.518357471247481,0.26420987443530775,0.910042474502337,0.6640222744506064,0.2172446643737701,0.5673326032390992,2.2328047426537703,0.08810068173962415,5.332273320462114,0.5489412857894969,4.81145203122868,937.4983403927563,824.3988714731123,973.7804822259263,573.6072964929858,134.47180434200334,675.8715431742486,800.9829575143312,667.051074157649,886.4536732899221,960.1854122361493,82.00976836586837,0.0757380262497439,0.7542208335690609,476.2203680403048,915.9996703348883,5.144663303127231,3.9254397575951483,0.1349257481609677,0.031656679385264064,0.7899421416594716,0.03646092555382541,794.6272359572055,552.916523009019,9.271385428977968,6.583099280237423,837.0,1792213.4440469036,3523923.2312645027,-4115.308123170052,7490.595383428973,313453.31541218667,94501.63808420596,-256.2433027613247,68027.08084170493
0.8066550533222759,0.9831222246808938,0.48126402060233386,0.9651477419086505,0.587213290894861,10.473559138087571,0.31561435819676265,4.518357471247481,0.26420987443530775,0.910042474502337,0.6640222744506064,0.2172446643737701,0.5673326032390992,2.2328047426537703,0.08810068173962415,5.332273320462114,0.5489412857894969,4.81145203122868,937.4983403927563,824.3988714731123,973.7804822259263,573.6072964929858,134.47180434200334,675.8715431742486,800.9829575143312,667.051074157649,886.4536732899221,960.1854122361493,82.00976836586837,0.0757380262497439,0.7542208335690609,476.2203680403048,915.9996703348883,5.144663303127231,3.9254397575951483,0.1349257481609677,0.031656679385264064,0.7899421416594716,0.03646092555382541,794.6272359572055,552.916523009019,9.271385428977968,6.583099280237423,837.0,3311596.1764244465,3807146.7250278452,-5425.333212775793,8867.099980221124,313453.31541218667,94501.63808420596,7789.501941633046,232905.52397099845
0.8066550533222759,0.9831222246808938,0.48126402060233386,0.9651477419086505,0.587213290894861,10.473559138087571,0.31561435819676265,4.518357471247481,0.26420987443530775,0.910042474502337,0.6640222744506064,0.2172446643737701,0.5673326032390992,2.2328047426537703,0.08810068173962415,5.332273320462114,0.5489412857894969,4.81145203122868,937.4983403927563,824.3988714731123,973.7804822259263,573.6072964929858,134.47180434200334,675.8715431742486,800.9829575143312,667.051074157649,886.4536732899221,960.1854122361493,82.00976836586837,0.0757380262497439,0.7542208335690609,476.2203680403048,915.9996703348883,5.144663303127231,3.9254397575951483,0.1349257481609677,0.031656679385264064,0.7899421416594716,0.03646092555382541,794.6272359572055,552.916523009019,9.271385428977968,6.583099280237423,837.0,4808896.553963275,4114161.1290419833,-6454.4431291437695,9304.266908279726,313453.31541218667,94501.63808420596,21583.74133677706,392935.13202118134
0.8066550533222759,0.9831222246808938,0.48126402060233386,0.9651477419086505,0.587213290894861,10.473559138087571,0.31561435819676265,4.518357471247481,0.26420987443530775,0.910042474502337,0.6640222744506064,0.2172446643737701,0.5673326032390992,2.2328047426537703,0.08810068173962415,5.332273320462114,0.5489412857894969,4.81145203122868,937.4983403927563,824.3988714731123,973.7804822259263,573.6072964929858,134.47180434200334,675.8715431742486,800.9829575143312,667.051074157649,886.4536732899221,960.1854122361493,82.00976836586837,0.0757380262497439,0.7542208335690609,476.2203680403048,915.9996703348883,5.144663303127231,3.9254397575951483,0.1349257481609677,0.031656679385264064,0.7899421416594716,0.03646092555382541,794.6272359572055,552.916523009019,9.271385428977968,6.583099280237423,837.0,6323225.176424445,4429787.294855184,-7317.360691867781,10516.775705637632,313453.31541218667,94501.63808420596,47237.01639650343,663750.7570224936
0.8066550533222759,0.9831222246808938,0.48126402060233386,0.9651477419086505,0.587213290894861,10.473559138087571,0.31561435819676265,4.518357471247481,0.26420987443530775,0.910042474502337,0.6640222744506064,0.2172446643737701,0.5673326032390992,2.2328047426537703,0.08810068173962415,5.332273320462114,0.5489412857894969,4.81145203122868,937.4983403927563,824.3988714731123,973.7804822259263,573.6072964929858,134.47180434200334,675.8715431742486,800.9829575143312,667.051074157649,886.4536732899221,960.1854122361493,82.00976836586837,0.0757380262497439,0.7542208335690609,476.2203680403048,915.9996703348883,5.144663303127231,3.9254397575951483,0.1349257481609677,0.031656679385264064,0.7899421416594716,0.03646092555382541,794.6272359572055,552.916523009019,9.271385428977968,6.583099280237423,837.0,7745072.598168764,5140514.280284619,-8231.133690673036,10948.925483813568,313453.31541218667,94501.63808420596,79781.39096058306,1285858.8861604733
0.8066550533222759,0.9831222246808938,0.48126402060233386,0.9651477419086505,0.587213290894861,10.473559138087571,0.31561435819676265,4.518357471247481,0.26420987443530775,0.910042474502337,0.6640222744506064,0.2172446643737701,0.5673326032390992,2.2328047426537703,0.08810068173962415,5.332273320462114,0.5489412857894969,4.81145203122868,937.4983403927563,824.3988714731123,973.7804822259263,573.6072964929858,134.47180434200334,675.8715431742486,800.9829575143312,667.051074157649,886.4536732899221,960.1854122361493,82.00976836586837,0.0757380262497439,0.7542208335690609,476.2203680403048,915.9996703348883,5.144663303127231,3.9254397575951483,0.1349257481609677,0.031656679385264064,0.7899421416594716,0.03646092555382541,794.6272359572055,552.916523009019,9.271385428977968,6.583099280237423,837.0,9204918.955396963,5804274.530493314,-8403.429986969351,11567.430047407026,313453.31541218667,94501.63808420596,162166.75597210348,1865767.20553997
0.8066550533222759,0.9831222246808938,0.48126402060233386,0.9651477419086505,0.587213290894861,10.473559138087571,0.31561435819676265,4.518357471247481,0.26420987443530775,0.910042474502337,0.6640222744506064,0.2172446643737701,0.5673326032390992,2.2328047426537703,0.08810068173962415,5.332273320462114,0.5489412857894969,4.81145203122868,937.4983403927563,824.3988714731123,973.7804822259263,573.6072964929858,134.47180434200334,675.8715431742486,800.9829575143312,667.051074157649,886.4536732899221,960.1854122361493,82.00976836586837,0.0757380262497439,0.7542208335690609,476.2203680403048,915.9996703348883,5.144663303127231,3.9254397575951483,0.1349257481609677,0.031656679385264064,0.7899421416594716,0.03646092555382541,794.6272359572055,552.916523009019,9.271385428977968,6.583099280237423,837.0,1.070175936160964E7,6204477.559336063,-9095.339186491437,11815.764255894888,313453.31541218667,94501.63808420596,202121.4921596993,1969564.9505524836
0.8066550533222759,0.9831222246808938,0.48126402060233386,0.9651477419086505,0.587213290894861,10.473559138087571,0.31561435819676265,4.518357471247481,0.26420987443530775,0.910042474502337,0.6640222744506064,0.2172446643737701,0.5673326032390992,2.2328047426537703,0.08810068173962415,5.332273320462114,0.5489412857894969,4.81145203122868,937.4983403927563,824.3988714731123,973.7804822259263,573.6072964929858,134.47180434200334,675.8715431742486,800.9829575143312,667.051074157649,886.4536732899221,960.1854122361493,82.00976836586837,0.0757380262497439,0.7542208335690609,476.2203680403048,915.9996703348883,5.144663303127231,3.9254397575951483,0.1349257481609677,0.031656679385264064,0.7899421416594716,0.03646092555382541,794.6272359572055,552.916523009019,9.271385428977968,6.583099280237423,837.0,1.2101663148945352E7,7246489.413607641,-9296.480166180805,12328.055483870381,313453.31541218667,94501.63808420596,212639.962653834,1998535.383698443
0.8066550533222759,0.9831222246808938,0.48126402060233386,0.9651477419086505,0.587213290894861,10.473559138087571,0.31561435819676265,4.518357471247481,0.26420987443530775,0.910042474502337,0.6640222744506064,0.2172446643737701,0.5673326032390992,2.2328047426537703,0.08810068173962415,5.332273320462114,0.5489412857894969,4.81145203122868,937.4983403927563,824.3988714731123,973.7804822259263,573.6072964929858,134.47180434200334,675.8715431742486,800.9829575143312,667.051074157649,886.4536732899221,960.1854122361493,82.00976836586837,0.0757380262497439,0.7542208335690609,476.2203680403048,915.9996703348883,5.144663303127231,3.9254397575951483,0.1349257481609677,0.031656679385264064,0.7899421416594716,0.03646092555382541,794.6272359572055,552.916523009019,9.271385428977968,6.583099280237423,837.0,1.3598503555158012E7,7673710.544693401,-9838.229270123471,12957.043457978922,313453.31541218667,94501.63808420596,219117.42802458318,2096207.35572308
0.8066550533222759,0.9831222246808938,0.48126402060233386,0.9651477419086505,0.587213290894861,10.473559138087571,0.31561435819676265,4.518357471247481,0.26420987443530775,0.910042474502337,0.6640222744506064,0.2172446643737701,0.5673326032390992,2.2328047426537703,0.08810068173962415,5.332273320462114,0.5489412857894969,4.81145203122868,937.4983403927563,824.3988714731123,973.7804822259263,573.6072964929858,134.47180434200334,675.8715431742486,800.9829575143312,667.051074157649,886.4536732899221,960.1854122361493,82.00976836586837,0.0757380262497439,0.7542208335690609,476.2203680403048,915.9996703348883,5.144663303127231,3.9254397575951483,0.1349257481609677,0.031656679385264064,0.7899421416594716,0.03646092555382541,794.6272359572055,552.916523009019,9.271385428977968,6.583099280237423,837.0,1.509363950139456E7,8180387.759670743,-9956.544682309843,12800.471204049682,313453.31541218667,94501.63808420596,244516.12120001763,2103923.6682720766
0.8066550533222759,0.9831222246808938,0.48126402060233386,0.9651477419086505,0.587213290894861,10.473559138087571,0.31561435819676265,4.518357471247481,0.26420987443530775,0.910042474502337,0.6640222744506064,0.2172446643737701,0.5673326032390992,2.2328047426537703,0.08810068173962415,5.332273320462114,0.5489412857894969,4.81145203122868,937.4983403927563,824.3988714731123,973.7804822259263,573.6072964929858,134.47180434200334,675.8715431742486,800.9829575143312,667.051074157649,886.4536732899221,960.1854122361493,82.00976836586837,0.0757380262497439,0.7542208335690609,476.2203680403048,915.9996703348883,5.144663303127231,3.9254397575951483,0.1349257481609677,0.031656679385264064,0.7899421416594716,0.03646092555382541,794.6272359572055,552.916523009019,9.271385428977968,6.583099280237423,837.0,1.6515486923138889E7,8833662.623714563,-10131.628314328962,13000.471528037917,313453.31541218667,94501.63808420596,384120.7870909952,2785745.9752949337
0.8066550533222759,0.9831222246808938,0.48126402060233386,0.9651477419086505,0.587213290894861,10.473559138087571,0.31561435819676265,4.518357471247481,0.26420987443530775,0.910042474502337,0.6640222744506064,0.2172446643737701,0.5673326032390992,2.2328047426537703,0.08810068173962415,5.332273320462114,0.5489412857894969,4.81145203122868,937.4983403927563,824.3988714731123,973.7804822259263,573.6072964929858,134.47180434200334,675.8715431742486,800.9829575143312,667.051074157649,886.4536732899221,960.1854122361493,82.00976836586837,0.0757380262497439,0.7542208335690609,476.2203680403048,915.9996703348883,5.144663303127231,3.9254397575951483,0.1349257481609677,0.031656679385264064,0.7899421416594716,0.03646092555382541,794.6272359572055,552.916523009019,9.271385428977968,6.583099280237423,837.0,1.799452596256541E7,9458100.352645691,-10350.943726515323,13483.533507338123,313453.31541218667,94501.63808420596,424341.752850189,3024074.3895501737
0.8066550533222759,0.9831222246808938,0.48126402060233386,0.9651477419086505,0.587213290894861,10.473559138087571,0.31561435819676265,4.518357471247481,0.26420987443530775,0.910042474502337,0.6640222744506064,0.2172446643737701,0.5673326032390992,2.2328047426537703,0.08810068173962415,5.332273320462114,0.5489412857894969,4.81145203122868,937.4983403927563,824.3988714731123,973.7804822259263,573.6072964929858,134.47180434200334,675.8715431742486,800.9829575143312,667.051074157649,886.4536732899221,960.1854122361493,82.00976836586837,0.0757380262497439,0.7542208335690609,476.2203680403048,915.9996703348883,5.144663303127231,3.9254397575951483,0.1349257481609677,0.031656679385264064,0.7899421416594716,0.03646092555382541,794.6272359572055,552.916523009019,9.271385428977968,6.583099280237423,837.0,1.9472173688969236E7,9959586.423087355,-10464.61278266827,13880.059279959743,313453.31541218667,94501.63808420596,425417.7781282129,3076241.1811012253
0.8066550533222759,0.9831222246808938,0.48126402060233386,0.9651477419086505,0.587213290894861,10.473559138087571,0.31561435819676265,4.518357471247481,0.26420987443530775,0.910042474502337,0.6640222744506064,0.2172446643737701,0.5673326032390992,2.2328047426537703,0.08810068173962415,5.332273320462114,0.5489412857894969,4.81145203122868,937.4983403927563,824.3988714731123,973.7804822259263,573.6072964929858,134.47180434200334,675.8715431742486,800.9829575143312,667.051074157649,886.4536732899221,960.1854122361493,82.00976836586837,0.0757380262497439,0.7542208335690609,476.2203680403048,915.9996703348883,5.144663303127231,3.9254397575951483,0.1349257481609677,0.031656679385264064,0.7899421416594716,0.03646092555382541,794.6272359572055,552.916523009019,9.271385428977968,6.583099280237423,837.0,2.0871824363999125E7,1.1038604608925115E7,-10571.496892584635,13721.9260366559,313453.31541218667,94501.63808420596,522760.9442431569,3366667.5499332626
0.8066550533222759,0.9831222246808938,0.48126402060233386,0.9651477419086505,0.587213290894861,10.473559138087571,0.31561435819676265,4.518357471247481,0.26420987443530775,0.910042474502337,0.6640222744506064,0.2172446643737701,0.5673326032390992,2.2328047426537703,0.08810068173962415,5.332273320462114,0.5489412857894969,4.81145203122868,937.4983403927563,824.3988714731123,973.7804822259263,573.6072964929858,134.47180434200334,675.8715431742486,800.9829575143312,667.051074157649,886.4536732899221,960.1854122361493,82.00976836586837,0.0757380262497439,0.7542208335690609,476.2203680403048,915.9996703348883,5.144663303127231,3.9254397575951483,0.1349257481609677,0.031656679385264064,0.7899421416594716,0.03646092555382541,794.6272359572055,552.916523009019,9.271385428977968,6.583099280237423,837.0,2.2368664770211775E7,1.1574647206361553E7,-10678.697609430516,14111.026423369874,313453.31541218667,94501.63808420596,549114.2173235482,3382562.009336761
0.8066550533222759,0.9831222246808938,0.48126402060233386,0.9651477419086505,0.587213290894861,10.473559138087571,0.31561435819676265,4.518357471247481,0.26420987443530775,0.910042474502337,0.6640222744506064,0.2172446643737701,0.5673326032390992,2.2328047426537703,0.08810068173962415,5.332273320462114,0.5489412857894969,4.81145203122868,937.4983403927563,824.3988714731123,973.7804822259263,573.6072964929858,134.47180434200334,675.8715431742486,800.9829575143312,667.051074157649,886.4536732899221,960.1854122361493,82.00976836586837,0.0757380262497439,0.7542208335690609,476.2203680403048,915.9996703348883,5.144663303127231,3.9254397575951483,0.1349257481609677,0.031656679385264064,0.7899421416594716,0.03646092555382541,794.6272359572055,552.916523009019,9.271385428977968,6.583099280237423,837.0,2.3803731586221356E7,1.2442380095567163E7,-10405.783630935877,14275.61831128031,313453.31541218667,94501.63808420596,585635.6607756352,3532433.6997516933
0.8066550533222759,0.9831222246808938,0.48126402060233386,0.9651477419086505,0.587213290894861,10.473559138087571,0.31561435819676265,4.518357471247481,0.26420987443530775,0.910042474502337,0.6640222744506064,0.2172446643737701,0.5673326032390992,2.2328047426537703,0.08810068173962415,5.332273320462114,0.5489412857894969,4.81145203122868,937.4983403927563,824.3988714731123,973.7804822259263,573.6072964929858,134.47180434200334,675.8715431742486,800.9829575143312,667.051074157649,886.4536732899221,960.1854122361493,82.00976836586837,0.0757380262497439,0.7542208335690609,476.2203680403048,915.9996703348883,5.144663303127231,3.9254397575951483,0.1349257481609677,0.031656679385264064,0.7899421416594716,0.03646092555382541,794.6272359572055,552.916523009019,9.271385428977968,6.583099280237423,837.0,2.5305427340104263E7,1.2889305345404366E7,-10896.226880637214,14481.545520754526,313453.31541218667,94501.63808420596,634508.7257221153,3845729.885057641
0.8066550533222759,0.9831222246808938,0.48126402060233386,0.9651477419086505,0.587213290894861,10.473559138087571,0.31561435819676265,4.518357471247481,0.26420987443530775,0.910042474502337,0.6640222744506064,0.2172446643737701,0.5673326032390992,2.2328047426537703,0.08810068173962415,5.332273320462114,0.5489412857894969,4.81145203122868,937.4983403927563,824.3988714731123,973.7804822259263,573.6072964929858,134.47180434200334,675.8715431742486,800.9829575143312,667.051074157649,886.4536732899221,960.1854122361493,82.00976836586837,0.0757380262497439,0.7542208335690609,476.2203680403048,915.9996703348883,5.144663303127231,3.9254397575951483,0.1349257481609677,0.031656679385264064,0.7899421416594716,0.03646092555382541,794.6272359572055,552.916523009019,9.271385428977968,6.583099280237423,837.0,2.6764813728395753E7,1.349847695433608E7,-11059.92819485464,14617.26480223258,313453.31541218667,94501.63808420596,711489.6781649168,4184480.000970476
0.8625777090169138,0.7950351388175242,0.18996831431964578,0.4476173736494474,0.44822796506982876,4.859686001756922,0.10597151350065204,10.16145517811787,0.6521265934130271,0.8090129428325126,0.16135458264473523,0.6680667684503838,0.845795533355752,7.16051898891733,0.297780248785105,2.9625943161581128,0.5074968291830604,160.5269082565095,646.6209365058965,179.41086737584754,685.147033147646,127.26855819332228,286.7320800612239,719.0770289545868,890.9205620577272,733.3009833604877,869.7896709480652,88.27169377093192,416.8010587208968,0.7993403770781955,0.5337453135340049,157.82923275594962,300.89179660928545,9.331048886692253,8.231857073095632,0.18250089176856232,0.44715343417036113,0.38737407427190185,0.10009566057608121,402.31276363891897,253.35894997874263,9.271407066568921,8.061623569834047,667.0,5442.651091068692,637.1211049704103,90.33940823972631,64.1421886526953,378627.86783182,198906.626364096,28.042630775951107,1.953391357583423
0.8625777090169138,0.7950351388175242,0.18996831431964578,0.4476173736494474,0.44822796506982876,4.859686001756922,0.10597151350065204,10.16145517811787,0.6521265934130271,0.8090129428325126,0.16135458264473523,0.6680667684503838,0.845795533355752,7.16051898891733,0.297780248785105,2.9625943161581128,0.5074968291830604,160.5269082565095,646.6209365058965,179.41086737584754,685.147033147646,127.26855819332228,286.7320800612239,719.0770289545868,890.9205620577272,733.3009833604877,869.7896709480652,88.27169377093192,416.8010587208968,0.7993403770781955,0.5337453135340049,157.82923275594962,300.89179660928545,9.331048886692253,8.231857073095632,0.18250089176856232,0.44715343417036113,0.38737407427190185,0.10009566057608121,402.31276363891897,253.35894997874263,9.271407066568921,8.061623569834047,667.0,4890109.192320454,518776.65093978914,90.0785386745089,87.50387085847889,1623909.7991004505,153901.8434644197,28.042630775951107,1.953391357583423
0.8625777090169138,0.7950351388175242,0.18996831431964578,0.4476173736494474,0.44822796506982876,4.859686001756922,0.10597151350065204,10.16145517811787,0.6521265934130271,0.8090129428325126,0.16135458264473523,0.6680667684503838,0.845795533355752,7.16051898891733,0.297780248785105,2.9625943161581128,0.5074968291830604,160.5269082565095,646.6209365058965,179.41086737584754,685.147033147646,127.26855819332228,286.7320800612239,719.0770289545868,890.9205620577272,733.3009833604877,869.7896709480652,88.27169377093192,416.8010587208968,0.7993403770781955,0.5337453135340049,157.82923275594962,300.89179660928545,9.331048886692253,8.231857073095632,0.18250089176856232,0.44715343417036113,0.38737407427190185,0.10009566057608121,402.31276363891897,253.35894997874263,9.271407066568921,8.061623569834047,667.0,1.3009658187822696E7,1273579.1538835869,91.06804392188519,130.78471346429745,1623909.7991004505,153901.8434644197,28.042630775951107,1.953391357583423
0.8625777090169138,0.7950351388175242,0.18996831431964578,0.4476173736494474,0.44822796506982876,4.859686001756922,0.10597151350065204,10.16145517811787,0.6521265934130271,0.8090129428325126,0.16135458264473523,0.6680667684503838,0.845795533355752,7.16051898891733,0.297780248785105,2.9625943161581128,0.5074968291830604,160.5269082565095,646.6209365058965,179.41086737584754,685.147033147646,127.26855819332228,286.7320800612239,719.0770289545868,890.9205620577272,733.3009833604877,869.7896709480652,88.27169377093192,416.8010587208968,0.7993403770781955,0.5337453135340049,157.82923275594962,300.89179660928545,9.331048886692253,8.231857073095632,0.18250089176856232,0.44715343417036113,0.38737407427190185,0.10009566057608121,402.31276363891897,253.35894997874263,9.271407066568921,8.061623569834047,667.0,2.1129207183324926E7,2039403.6824377608,77.69622982893166,208.32541547525142,1623909.7991004505,153901.8434644197,28.042630775951107,1.953391357583423
0.8625777090169138,0.7950351388175242,0.18996831431964578,0.4476173736494474,0.44822796506982876,4.859686001756922,0.10597151350065204,10.16145517811787,0.6521265934130271,0.8090129428325126,0.16135458264473523,0.6680667684503838,0.845795533355752,7.16051898891733,0.297780248785105,2.9625943161581128,0.5074968291830604,160.5269082565095,646.6209365058965,179.41086737584754,685.147033147646,127.26855819332228,286.7320800612239,719.0770289545868,890.9205620577272,733.3009833604877,869.7896709480652,88.27169377093192,416.8010587208968,0.7993403770781955,0.5337453135340049,157.82923275594962,300.89179660928545,9.331048886692253,8.231857073095632,0.18250089176856232,0.44715343417036113,0.38737407427190185,0.10009566057608121,402.31276363891897,253.35894997874263,9.271407066568921,8.061623569834047,667.0,2.9248756178827193E7,2807244.1592711355,75.60627480644293,216.20833877459583,1623909.7991004505,153901.8434644197,28.042630775951107,1.953391357583423
0.8625777090169138,0.7950351388175242,0.18996831431964578,0.4476173736494474,0.44822796506982876,4.859686001756922,0.10597151350065204,10.16145517811787,0.6521265934130271,0.8090129428325126,0.16135458264473523,0.6680667684503838,0.845795533355752,7.16051898891733,0.297780248785105,2.9625943161581128,0.5074968291830604,160.5269082565095,646.6209365058965,179.41086737584754,685.147033147646,127.26855819332228,286.7320800612239,719.0770289545868,890.9205620577272,733.3009833604877,869.7896709480652,88.27169377093192,416.8010587208968,0.7993403770781955,0.5337453135340049,157.82923275594962,300.89179660928545,9.331048886692253,8.231857073095632,0.18250089176856232,0.44715343417036113,0.38737407427190185,0.10009566057608121,402.31276363891897,253.35894997874263,9.271407066568921,8.061623569834047,667.0,3.736830517432949E7,3575802.152059093,85.65575006881173,169.34793293482858,1623909.7991004505,153901.8434644197,28.042630775951107,1.953391357583423
0.8625777090169138,0.7950351388175242,0.18996831431964578,0.4476173736494474,0.44822796506982876,4.859686001756922,0.10597151350065204,10.16145517811787,0.6521265934130271,0.8090129428325126,0.16135458264473523,0.6680667684503838,0.845795533355752,7.16051898891733,0.297780248785105,2.9625943161581128,0.5074968291830604,160.5269082565095,646.6209365058965,179.41086737584754,685.147033147646,127.26855819332228,286.7320800612239,719.0770289545868,890.9205620577272,733.3009833604877,869.7896709480652,88.27169377093192,416.8010587208968,0.7993403770781955,0.5337453135340049,157.82923275594962,300.89179660928545,9.331048886692253,8.231857073095632,0.18250089176856232,0.44715343417036113,0.38737407427190185,0.10009566057608121,402.31276363891897,253.35894997874263,9.271407066568921,8.061623569834047,667.0,4.548785416983171E7,4344696.901127433,83.53730928920152,189.28442771137858,1623909.7991004505,153901.8434644197,28.042630775951107,1.953391357583423
0.8625777090169138,0.7950351388175242,0.18996831431964578,0.4476173736494474,0.44822796506982876,4.859686001756922,0.10597151350065204,10.16145517811787,0.6521265934130271,0.8090129428325126,0.16135458264473523,0.6680667684503838,0.845795533355752,7.16051898891733,0.297780248785105,2.9625943161581128,0.5074968291830604,160.5269082565095,646.6209365058965,179.41086737584754,685.147033147646,127.26855819332228,286.7320800612239,719.0770289545868,890.9205620577272,733.3009833604877,869.7896709480652,88.27169377093192,416.8010587208968,0.7993403770781955,0.5337453135340049,157.82923275594962,300.89179660928545,9.331048886692253,8.231857073095632,0.18250089176856232,0.44715343417036113,0.38737407427190185,0.10009566057608121,402.31276363891897,253.35894997874263,9.271407066568921,8.061623569834047,667.0,5.360740316533393E7,5113776.507215537,82.32441573597814,147.63389520150704,1623909.7991004505,153901.8434644197,28.042630775951107,1.953391357583423
0.8625777090169138,0.7950351388175242,0.18996831431964578,0.4476173736494474,0.44822796506982876,4.859686001756922,0.10597151350065204,10.16145517811787,0.6521265934130271,0.8090129428325126,0.16135458264473523,0.6680667684503838,0.845795533355752,7.16051898891733,0.297780248785105,2.9625943161581128,0.5074968291830604,160.5269082565095,646.6209365058965,179.41086737584754,685.147033147646,127.26855819332228,286.7320800612239,719.0770289545868,890.9205620577272,733.3009833604877,869.7896709480652,88.27169377093192,416.8010587208968,0.7993403770781955,0.5337453135340049,157.82923275594962,300.89179660928545,9.331048886692253,8.231857073095632,0.18250089176856232,0.44715343417036113,0.38737407427190185,0.10009566057608121,402.31276363891897,253.35894997874263,9.271407066568921,8.061623569834047,667.0,6.172695216083612E7,5882968.47177682,75.23446071348943,217.78225596272048,1623909.7991004505,153901.8434644197,28.042630775951107,1.953391357583423
0.8625777090169138,0.7950351388175242,0.18996831431964578,0.4476173736494474,0.44822796506982876,4.859686001756922,0.10597151350065204,10.16145517811787,0.6521265934130271,0.8090129428325126,0.16135458264473523,0.6680667684503838,0.845795533355752,7.16051898891733,0.297780248785105,2.9625943161581128,0.5074968291830604,160.5269082565095,646.6209365058965,179.41086737584754,685.147033147646,127.26855819332228,286.7320800612239,719.0770289545868,890.9205620577272,733.3009833604877,869.7896709480652,88.27169377093192,416.8010587208968,0.7993403770781955,0.5337453135340049,157.82923275594962,300.89179660928545,9.331048886692253,8.231857073095632,0.18250089176856232,0.44715343417036113,0.38737407427190185,0.10009566057608121,402.31276363891897,253.35894997874263,9.271407066568921,8.061623569834047,667.0,6.984650115633842E7,6652233.819190212,83.18048769999615,136.44179639722972,1623909.7991004505,153901.8434644197,28.042630775951107,1.953391357583423
0.8625777090169138,0.7950351388175242,0.18996831431964578,0.4476173736494474,0.44822796506982876,4.859686001756922,0.10597151350065204,10.16145517811787,0.6521265934130271,0.8090129428325126,0.16135458264473523,0.6680667684503838,0.845795533355752,7.16051898891733,0.297780248785105,2.9625943161581128,0.5074968291830604,160.5269082565095,646.6209365058965,179.41086737584754,685.147033147646,127.26855819332228,286.7320800612239,719.0770289545868,890.9205620577272,733.3009833604877,869.7896709480652,88.27169377093192,416.8010587208968,0.7993403770781955,0.5337453135340049,157.82923275594962,300.89179660928545,9.331048886692253,8.231857073095632,0.18250089176856232,0.44715343417036113,0.38737407427190185,0.10009566057608121,402.31276363891897,253.35894997874263,9.271407066568921,8.061623569834047,667.0,7.796605015184064E7,7421549.730448702,83.02606491139045,144.39242493152213,1623909.7991004505,153901.8434644197,28.042630775951107,1.953391357583423
0.8625777090169138,0.7950351388175242,0.18996831431964578,0.4476173736494474,0.44822796506982876,4.859686001756922,0.10597151350065204,10.16145517811787,0.6521265934130271,0.8090129428325126,0.16135458264473523,0.6680667684503838,0.845795533355752,7.16051898891733,0.297780248785105,2.9625943161581128,0.5074968291830604,160.5269082565095,646.6209365058965,179.41086737584754,685.147033147646,127.26855819332228,286.7320800612239,719.0770289545868,890.9205620577272,733.3009833604877,869.7896709480652,88.27169377093192,416.8010587208968,0.7993403770781955,0.5337453135340049,157.82923275594962,300.89179660928545,9.331048886692253,8.231857073095632,0.18250089176856232,0.44715343417036113,0.38737407427190185,0.10009566057608121,402.31276363891897,253.35894997874263,9.271407066568921,8.061623569834047,667.0,8.60855991473429E7,8190901.958206787,73.87613987390924,204.90486987127383,1623909.7991004505,153901.8434644197,28.042630775951107,1.953391357583423
0.8625777090169138,0.7950351388175242,0.18996831431964578,0.4476173736494474,0.44822796506982876,4.859686001756922,0.10597151350065204,10.16145517811787,0.6521265934130271,0.8090129428325126,0.16135458264473523,0.6680667684503838,0.845795533355752,7.16051898891733,0.297780248785105,2.9625943161581128,0.5074968291830604,160.5269082565095,646.6209365058965,179.41086737584754,685.147033147646,127.26855819332228,286.7320800612239,719.0770289545868,890.9205620577272,733.3009833604877,869.7896709480652,88.27169377093192,416.8010587208968,0.7993403770781955,0.5337453135340049,157.82923275594962,300.89179660928545,9.331048886692253,8.231857073095632,0.18250089176856232,0.44715343417036113,0.38737407427190185,0.10009566057608121,402.31276363891897,253.35894997874263,9.271407066568921,8.061623569834047,667.0,9.420514814284535E7,8960281.147791943,75.17748919924654,202.3236496111167,1623909.7991004505,153901.8434644197,28.042630775951107,1.953391357583423
0.8625777090169138,0.7950351388175242,0.18996831431964578,0.4476173736494474,0.44822796506982876,4.859686001756922,0.10597151350065204,10.16145517811787,0.6521265934130271,0.8090129428325126,0.16135458264473523,0.6680667684503838,0.845795533355752,7.16051898891733,0.297780248785105,2.9625943161581128,0.5074968291830604,160.5269082565095,646.6209365058965,179.41086737584754,685.147033147646,127.26855819332228,286.7320800612239,719.0770289545868,890.9205620577272,733.3009833604877,869.7896709480652,88.27169377093192,416.8010587208968,0.7993403770781955,0.5337453135340049,157.82923275594962,300.89179660928545,9.331048886692253,8.231857073095632,0.18250089176856232,0.44715343417036113,0.38737407427190185,0.10009566057608121,402.31276363891897,253.35894997874263,9.271407066568921,8.061623569834047,667.0,1.0232469713834742E8,9729680.903148001,75.05305141813712,201.74815047859113,1623909.7991004505,153901.8434644197,28.042630775951107,1.953391357583423
0.8625777090169138,0.7950351388175242,0.18996831431964578,0.4476173736494474,0.44822796506982876,4.859686001756922,0.10597151350065204,10.16145517811787,0.6521265934130271,0.8090129428325126,0.16135458264473523,0.6680667684503838,0.845795533355752,7.16051898891733,0.297780248785105,2.9625943161581128,0.5074968291830604,160.5269082565095,646.6209365058965,179.41086737584754,685.147033147646,127.26855819332228,286.7320800612239,719.0770289545868,890.9205620577272,733.3009833604877,869.7896709480652,88.27169377093192,416.8010587208968,0.7993403770781955,0.5337453135340049,157.82923275594962,300.89179660928545,9.331048886692253,8.231857073095632,0.18250089176856232,0.44715343417036113,0.38737407427190185,0.10009566057608121,402.31276363891897,253.35894997874263,9.271407066568921,8.061623569834047,667.0,1.1044424613384965E8,1.0499096702944377E7,77.57628979894669,200.7056785259655,1623909.7991004505,153901.8434644197,28.042630775951107,1.953391357583423
0.8625777090169138,0.7950351388175242,0.18996831431964578,0.4476173736494474,0.44822796506982876,4.859686001756922,0.10597151350065204,10.16145517811787,0.6521265934130271,0.8090129428325126,0.16135458264473523,0.6680667684503838,0.845795533355752,7.16051898891733,0.297780248785105,2.9625943161581128,0.5074968291830604,160.5269082565095,646.6209365058965,179.41086737584754,685.147033147646,127.26855819332228,286.7320800612239,719.0770289545868,890.9205620577272,733.3009833604877,869.7896709480652,88.27169377093192,416.8010587208968,0.7993403770781955,0.5337453135340049,157.82923275594962,300.89179660928545,9.331048886692253,8.231857073095632,0.18250089176856232,0.44715343417036113,0.38737407427190185,0.10009566057608121,402.31276363891897,253.35894997874263,9.271407066568921,8.061623569834047,667.0,1.1856379512935178E8,1.126852526063457E7,83.8041758559182,193.07725163909603,1623909.7991004505,153901.8434644197,28.042630775951107,1.953391357583423
0.8625777090169138,0.7950351388175242,0.18996831431964578,0.4476173736494474,0.44822796506982876,4.859686001756922,0.10597151350065204,10.16145517811787,0.6521265934130271,0.8090129428325126,0.16135458264473523,0.6680667684503838,0.845795533355752,7.16051898891733,0.297780248785105,2.9625943161581128,0.5074968291830604,160.5269082565095,646.6209365058965,179.41086737584754,685.147033147646,127.26855819332228,286.7320800612239,719.0770289545868,890.9205620577272,733.3009833604877,869.7896709480652,88.27169377093192,416.8010587208968,0.7993403770781955,0.5337453135340049,157.82923275594962,300.89179660928545,9.331048886692253,8.231857073095632,0.18250089176856232,0.44715343417036113,0.38737407427190185,0.10009566057608121,402.31276363891897,253.35894997874263,9.271407066568921,8.061623569834047,667.0,1.2668334412485428E8,1.2037964129886277E7,86.8431563656633,188.3159604690518,1623909.7991004505,153901.8434644197,28.042630775951107,1.953391357583423
0.8625777090169138,0.7950351388175242,0.18996831431964578,0.4476173736494474,0.44822796506982876,4.859686001756922,0.10597151350065204,10.16145517811787,0.6521265934130271,0.8090129428325126,0.16135458264473523,0.6680667684503838,0.845795533355752,7.16051898891733,0.297780248785105,2.9625943161581128,0.5074968291830604,160.5269082565095,646.6209365058965,179.41086737584754,685.147033147646,127.26855819332228,286.7320800612239,719.0770289545868,890.9205620577272,733.3009833604877,869.7896709480652,88.27169377093192,416.8010587208968,0.7993403770781955,0.5337453135340049,157.82923275594962,300.89179660928545,9.331048886692253,8.231857073095632,0.18250089176856232,0.44715343417036113,0.38737407427190185,0.10009566057608121,402.31276363891897,253.35894997874263,9.271407066568921,8.061623569834047,667.0,1.3480289312035647E8,1.2807411452217238E7,90.81317135816708,174.1529875838978,1623909.7991004505,153901.8434644197,28.042630775951107,1.953391357583423
0.8625777090169138,0.7950351388175242,0.18996831431964578,0.4476173736494474,0.44822796506982876,4.859686001756922,0.10597151350065204,10.16145517811787,0.6521265934130271,0.8090129428325126,0.16135458264473523,0.6680667684503838,0.845795533355752,7.16051898891733,0.297780248785105,2.9625943161581128,0.5074968291830604,160.5269082565095,646.6209365058965,179.41086737584754,685.147033147646,127.26855819332228,286.7320800612239,719.0770289545868,890.9205620577272,733.3009833604877,869.7896709480652,88.27169377093192,416.8010587208968,0.7993403770781955,0.5337453135340049,157.82923275594962,300.89179660928545,9.331048886692253,8.231857073095632,0.18250089176856232,0.44715343417036113,0.38737407427190185,0.10009566057608121,402.31276363891897,253.35894997874263,9.271407066568921,8.061623569834047,667.0,1.429224421158586E8,1.3576865790432975E7,77.17748919924651,184.02938017637558,1623909.7991004505,153901.8434644197,28.042630775951107,1.953391357583423
0.8625777090169138,0.7950351388175242,0.18996831431964578,0.4476173736494474,0.44822796506982876,4.859686001756922,0.10597151350065204,10.16145517811787,0.6521265934130271,0.8090129428325126,0.16135458264473523,0.6680667684503838,0.845795533355752,7.16051898891733,0.297780248785105,2.9625943161581128,0.5074968291830604,160.5269082565095,646.6209365058965,179.41086737584754,685.147033147646,127.26855819332228,286.7320800612239,719.0770289545868,890.9205620577272,733.3009833604877,869.7896709480652,88.27169377093192,416.8010587208968,0.7993403770781955,0.5337453135340049,157.82923275594962,300.89179660928545,9.331048886692253,8.231857073095632,0.18250089176856232,0.44715343417036113,0.38737407427190185,0.10009566057608121,402.31276363891897,253.35894997874263,9.271407066568921,8.061623569834047,667.0,1.5104199111136094E8,1.4346326015658518E7,66.37688949909668,254.94805586956207,1623909.7991004505,153901.8434644197,28.042630775951107,1.953391357583423
0.5371114646573377,0.17924781514788746,0.404744244654636,0.21603744755642773,0.9542856598835311,2.7405234792556668,0.45363984203632945,10.80566271696234,0.24204560491774818,0.029835114949993802,0.6881930431741611,0.3359991400154131,0.22211191113506024,7.218214044845855,0.6484190509340921,5.087151898476613,0.09131165894214499,568.660368687314,15.667031097581718,718.8366163236686,406.29191091012984,524.4807699563484,616.8143595785955,505.73920472455757,766.1216083657366,832.4701677932466,264.5389444520929,791.7768621477862,569.2691847302102,0.27686016728468954,0.02624385585733313,919.1853221531184,604.4132342549008,9.044469383707954,9.540437368988893,0.9672559289657435,0.31568447518842,0.6803816529814243,0.5326347364292311,818.7732945643081,967.693239650888,6.441481267548998,8.619630680128747,561.0,7830.326718305379,3001.0051779599676,31.97884142375084,22.453687092462967,652664.4178635215,131265.03780259812,55.19510952698243,29.28825342751506
0.5371114646573377,0.17924781514788746,0.404744244654636,0.21603744755642773,0.9542856598835311,2.7405234792556668,0.45363984203632945,10.80566271696234,0.24204560491774818,0.029835114949993802,0.6881930431741611,0.3359991400154131,0.22211191113506024,7.218214044845855,0.6484190509340921,5.087151898476613,0.09131165894214499,568.660368687314,15.667031097581718,718.8366163236686,406.29191091012984,524.4807699563484,616.8143595785955,505.73920472455757,766.1216083657366,832.4701677932466,264.5389444520929,791.7768621477862,569.2691847302102,0.27686016728468954,0.02624385585733313,919.1853221531184,604.4132342549008,9.044469383707954,9.540437368988893,0.9672559289657435,0.31568447518842,0.6803816529814243,0.5326347364292311,818.7732945643081,967.693239650888,6.441481267548998,8.619630680128747,561.0,2985049.0522084995,432140.1374731748,-88.03720135699784,618.0834741629415,963797.647058824,136591.89918775766,55.19510952698243,29.28825342751506
0.5371114646573377,0.17924781514788746,0.404744244654636,0.21603744755642773,0.9542856598835311,2.7405234792556668,0.45363984203632945,10.80566271696234,0.24204560491774818,0.029835114949993802,0.6881930431741611,0.3359991400154131,0.22211191113506024,7.218214044845855,0.6484190509340921,5.087151898476613,0.09131165894214499,568.660368687314,15.667031097581718,718.8366163236686,406.29191091012984,524.4807699563484,616.8143595785955,505.73920472455757,766.1216083657366,832.4701677932466,264.5389444520929,791.7768621477862,569.2691847302102,0.27686016728468954,0.02624385585733313,919.1853221531184,604.4132342549008,9.044469383707954,9.540437368988893,0.9672559289657435,0.31568447518842,0.6803816529814243,0.5326347364292311,818.7732945643081,967.693239650888,6.441481267548998,8.619630680128747,561.0,7653211.763438453,1970087.0194239093,-224.6129589327553,1029.7561068560815,936069.2602495546,186619.1682615742,55.19510952698243,29.28825342751506
0.5371114646573377,0.17924781514788746,0.404744244654636,0.21603744755642773,0.9542856598835311,2.7405234792556668,0.45363984203632945,10.80566271696234,0.24204560491774818,0.029835114949993802,0.6881930431741611,0.3359991400154131,0.22211191113506024,7.218214044845855,0.6484190509340921,5.087151898476613,0.09131165894214499,568.660368687314,15.667031097581718,718.8366163236686,406.29191091012984,524.4807699563484,616.8143595785955,505.73920472455757,766.1216083657366,832.4701677932466,264.5389444520929,791.7768621477862,569.2691847302102,0.27686016728468954,0.02624385585733313,919.1853221531184,604.4132342549008,9.044469383707954,9.540437368988893,0.9672559289657435,0.31568447518842,0.6803816529814243,0.5326347364292311,818.7732945643081,967.693239650888,6.441481267548998,8.619630680128747,561.0,1.1951852282155028E7,2634382.606498826,-367.2136719452329,1263.5537643556602,793780.9144385026,346127.4382991408,55.19510952698243,29.28825342751506
0.5371114646573377,0.17924781514788746,0.404744244654636,0.21603744755642773,0.9542856598835311,2.7405234792556668,0.45363984203632945,10.80566271696234,0.24204560491774818,0.029835114949993802,0.6881930431741611,0.3359991400154131,0.22211191113506024,7.218214044845855,0.6484190509340921,5.087151898476613,0.09131165894214499,568.660368687314,15.667031097581718,718.8366163236686,406.29191091012984,524.4807699563484,616.8143595785955,505.73920472455757,766.1216083657366,832.4701677932466,264.5389444520929,791.7768621477862,569.2691847302102,0.27686016728468954,0.02624385585733313,919.1853221531184,604.4132342549008,9.044469383707954,9.540437368988893,0.9672559289657435,0.31568447518842,0.6803816529814243,0.5326347364292311,818.7732945643081,967.693239650888,6.441481267548998,8.619630680128747,561.0,1.578593349427625E7,4250623.993726967,-421.9302494853397,1423.0300357239555,793780.9144385026,346127.4382991408,57357.09457476768,1356009.7309950902
0.5371114646573377,0.17924781514788746,0.404744244654636,0.21603744755642773,0.9542856598835311,2.7405234792556668,0.45363984203632945,10.80566271696234,0.24204560491774818,0.029835114949993802,0.6881930431741611,0.3359991400154131,0.22211191113506024,7.218214044845855,0.6484190509340921,5.087151898476613,0.09131165894214499,568.660368687314,15.667031097581718,718.8366163236686,406.29191091012984,524.4807699563484,616.8143595785955,505.73920472455757,766.1216083657366,832.4701677932466,264.5389444520929,791.7768621477862,569.2691847302102,0.27686016728468954,0.02624385585733313,919.1853221531184,604.4132342549008,9.044469383707954,9.540437368988893,0.9672559289657435,0.31568447518842,0.6803816529814243,0.5326347364292311,818.7732945643081,967.693239650888,6.441481267548998,8.619630680128747,561.0,1.9754838066468757E7,5667246.929955425,-509.6771300557498,1560.8517338236925,793780.9144385026,346127.4382991408,57357.09457476768,1356009.7309950902
0.5371114646573377,0.17924781514788746,0.404744244654636,0.21603744755642773,0.9542856598835311,2.7405234792556668,0.45363984203632945,10.80566271696234,0.24204560491774818,0.029835114949993802,0.6881930431741611,0.3359991400154131,0.22211191113506024,7.218214044845855,0.6484190509340921,5.087151898476613,0.09131165894214499,568.660368687314,15.667031097581718,718.8366163236686,406.29191091012984,524.4807699563484,616.8143595785955,505.73920472455757,766.1216083657366,832.4701677932466,264.5389444520929,791.7768621477862,569.2691847302102,0.27686016728468954,0.02624385585733313,919.1853221531184,604.4132342549008,9.044469383707954,9.540437368988893,0.9672559289657435,0.31568447518842,0.6803816529814243,0.5326347364292311,818.7732945643081,967.693239650888,6.441481267548998,8.619630680128747,561.0,2.3652115264329713E7,7349739.136818674,-536.0033332643059,1578.621932426197,793780.9144385026,346127.4382991408,79266.08730204043,1704167.0494239992
0.5371114646573377,0.17924781514788746,0.404744244654636,0.21603744755642773,0.9542856598835311,2.7405234792556668,0.45363984203632945,10.80566271696234,0.24204560491774818,0.029835114949993802,0.6881930431741611,0.3359991400154131,0.22211191113506024,7.218214044845855,0.6484190509340921,5.087151898476613,0.09131165894214499,568.660368687314,15.667031097581718,718.8366163236686,406.29191091012984,524.4807699563484,616.8143595785955,505.73920472455757,766.1216083657366,832.4701677932466,264.5389444520929,791.7768621477862,569.2691847302102,0.27686016728468954,0.02624385585733313,919.1853221531184,604.4132342549008,9.044469383707954,9.540437368988893,0.9672559289657435,0.31568447518842,0.6803816529814243,0.5326347364292311,818.7732945643081,967.693239650888,6.441481267548998,8.619630680128747,561.0,2.7621019836522233E7,8934765.406490043,-621.3455792536106,1634.9508651041613,793780.9144385026,346127.4382991408,79266.08730204043,1704167.0494239992
0.5371114646573377,0.17924781514788746,0.404744244654636,0.21603744755642773,0.9542856598835311,2.7405234792556668,0.45363984203632945,10.80566271696234,0.24204560491774818,0.029835114949993802,0.6881930431741611,0.3359991400154131,0.22211191113506024,7.218214044845855,0.6484190509340921,5.087151898476613,0.09131165894214499,568.660368687314,15.667031097581718,718.8366163236686,406.29191091012984,524.4807699563484,616.8143595785955,505.73920472455757,766.1216083657366,832.4701677932466,264.5389444520929,791.7768621477862,569.2691847302102,0.27686016728468954,0.02624385585733313,919.1853221531184,604.4132342549008,9.044469383707954,9.540437368988893,0.9672559289657435,0.31568447518842,0.6803816529814243,0.5326347364292311,818.7732945643081,967.693239650888,6.441481267548998,8.619630680128747,561.0,3.145510105042598E7,1.086827907343175E7,-576.8500355815967,1595.256284854646,793780.9144385026,346127.4382991408,119239.35774767323,1815030.1418363557
0.5371114646573377,0.17924781514788746,0.404744244654636,0.21603744755642773,0.9542856598835311,2.7405234792556668,0.45363984203632945,10.80566271696234,0.24204560491774818,0.029835114949993802,0.6881930431741611,0.3359991400154131,0.22211191113506024,7.218214044845855,0.6484190509340921,5.087151898476613,0.09131165894214499,568.660368687314,15.667031097581718,718.8366163236686,406.29191091012984,524.4807699563484,616.8143595785955,505.73920472455757,766.1216083657366,832.4701677932466,264.5389444520929,791.7768621477862,569.2691847302102,0.27686016728468954,0.02624385585733313,919.1853221531184,604.4132342549008,9.044469383707954,9.540437368988893,0.9672559289657435,0.31568447518842,0.6803816529814243,0.5326347364292311,818.7732945643081,967.693239650888,6.441481267548998,8.619630680128747,561.0,3.542400562261847E7,1.251282788451877E7,-523.3937075958568,1609.0825278242405,793780.9144385026,346127.4382991408,177379.66134838606,2095700.348130867
0.5371114646573377,0.17924781514788746,0.404744244654636,0.21603744755642773,0.9542856598835311,2.7405234792556668,0.45363984203632945,10.80566271696234,0.24204560491774818,0.029835114949993802,0.6881930431741611,0.3359991400154131,0.22211191113506024,7.218214044845855,0.6484190509340921,5.087151898476613,0.09131165894214499,568.660368687314,15.667031097581718,718.8366163236686,406.29191091012984,524.4807699563484,616.8143595785955,505.73920472455757,766.1216083657366,832.4701677932466,264.5389444520929,791.7768621477862,569.2691847302102,0.27686016728468954,0.02624385585733313,919.1853221531184,604.4132342549008,9.044469383707954,9.540437368988893,0.9672559289657435,0.31568447518842,0.6803816529814243,0.5326347364292311,818.7732945643081,967.693239650888,6.441481267548998,8.619630680128747,561.0,3.932128282047942E7,1.4391650395661555E7,-500.432923282131,1608.0423648795545,793780.9144385026,346127.4382991408,287236.514155873,2797890.7159807766
0.5371114646573377,0.17924781514788746,0.404744244654636,0.21603744755642773,0.9542856598835311,2.7405234792556668,0.45363984203632945,10.80566271696234,0.24204560491774818,0.029835114949993802,0.6881930431741611,0.3359991400154131,0.22211191113506024,7.218214044845855,0.6484190509340921,5.087151898476613,0.09131165894214499,568.660368687314,15.667031097581718,718.8366163236686,406.29191091012984,524.4807699563484,616.8143595785955,505.73920472455757,766.1216083657366,832.4701677932466,264.5389444520929,791.7768621477862,569.2691847302102,0.27686016728468954,0.02624385585733313,919.1853221531184,604.4132342549008,9.044469383707954,9.540437368988893,0.9672559289657435,0.31568447518842,0.6803816529814243,0.5326347364292311,818.7732945643081,967.693239650888,6.441481267548998,8.619630680128747,561.0,4.317047886860778E7,1.6039600313607678E7,-552.7716042090474,1817.9320345953074,793780.9144385026,346127.4382991408,425912.8308100063,3409592.2676665518
0.5371114646573377,0.17924781514788746,0.404744244654636,0.21603744755642773,0.9542856598835311,2.7405234792556668,0.45363984203632945,10.80566271696234,0.24204560491774818,0.029835114949993802,0.6881930431741611,0.3359991400154131,0.22211191113506024,7.218214044845855,0.6484190509340921,5.087151898476613,0.09131165894214499,568.660368687314,15.667031097581718,718.8366163236686,406.29191091012984,524.4807699563484,616.8143595785955,505.73920472455757,766.1216083657366,832.4701677932466,264.5389444520929,791.7768621477862,569.2691847302102,0.27686016728468954,0.02624385585733313,919.1853221531184,604.4132342549008,9.044469383707954,9.540437368988893,0.9672559289657435,0.31568447518842,0.6803816529814243,0.5326347364292311,818.7732945643081,967.693239650888,6.441481267548998,8.619630680128747,561.0,4.70339456101408E7,1.77346734378425E7,-529.6111764015612,1862.3715161798734,793780.9144385026,346127.4382991408,520969.64720929327,3648745.3392032785
0.5371114646573377,0.17924781514788746,0.404744244654636,0.21603744755642773,0.9542856598835311,2.7405234792556668,0.45363984203632945,10.80566271696234,0.24204560491774818,0.029835114949993802,0.6881930431741611,0.3359991400154131,0.22211191113506024,7.218214044845855,0.6484190509340921,5.087151898476613,0.09131165894214499,568.660368687314,15.667031097581718,718.8366163236686,406.29191091012984,524.4807699563484,616.8143595785955,505.73920472455757,766.1216083657366,832.4701677932466,264.5389444520929,791.7768621477862,569.2691847302102,0.27686016728468954,0.02624385585733313,919.1853221531184,604.4132342549008,9.044469383707954,9.540437368988893,0.9672559289657435,0.31568447518842,0.6803816529814243,0.5326347364292311,818.7732945643081,967.693239650888,6.441481267548998,8.619630680128747,561.0,5.0931222808001734E7,1.941054646337619E7,-570.1708911965703,1894.6293657841723,793780.9144385026,346127.4382991408,520969.64720929327,3648745.3392032785
0.5371114646573377,0.17924781514788746,0.404744244654636,0.21603744755642773,0.9542856598835311,2.7405234792556668,0.45363984203632945,10.80566271696234,0.24204560491774818,0.029835114949993802,0.6881930431741611,0.3359991400154131,0.22211191113506024,7.218214044845855,0.6484190509340921,5.087151898476613,0.09131165894214499,568.660368687314,15.667031097581718,718.8366163236686,406.29191091012984,524.4807699563484,616.8143595785955,505.73920472455757,766.1216083657366,832.4701677932466,264.5389444520929,791.7768621477862,569.2691847302102,0.27686016728468954,0.02624385585733313,919.1853221531184,604.4132342549008,9.044469383707954,9.540437368988893,0.9672559289657435,0.31568447518842,0.6803816529814243,0.5326347364292311,818.7732945643081,967.693239650888,6.441481267548998,8.619630680128747,561.0,5.490012738019424E7,2.1095035354699224E7,-506.39727265824524,1826.8496407777984,793780.9144385026,346127.4382991408,558419.6971751617,3807747.759348242
0.5371114646573377,0.17924781514788746,0.404744244654636,0.21603744755642773,0.9542856598835311,2.7405234792556668,0.45363984203632945,10.80566271696234,0.24204560491774818,0.029835114949993802,0.6881930431741611,0.3359991400154131,0.22211191113506024,7.218214044845855,0.6484190509340921,5.087151898476613,0.09131165894214499,568.660368687314,15.667031097581718,718.8366163236686,406.29191091012984,524.4807699563484,616.8143595785955,505.73920472455757,766.1216083657366,832.4701677932466,264.5389444520929,791.7768621477862,569.2691847302102,0.27686016728468954,0.02624385585733313,919.1853221531184,604.4132342549008,9.044469383707954,9.540437368988893,0.9672559289657435,0.31568447518842,0.6803816529814243,0.5326347364292311,818.7732945643081,967.693239650888,6.441481267548998,8.619630680128747,561.0,5.840856180265414E7,2.2822797658245075E7,-504.32062381689053,1852.9514777591664,793780.9144385026,346127.4382991408,625281.4017464758,4071480.8786619217
0.5371114646573377,0.17924781514788746,0.404744244654636,0.21603744755642773,0.9542856598835311,2.7405234792556668,0.45363984203632945,10.80566271696234,0.24204560491774818,0.029835114949993802,0.6881930431741611,0.3359991400154131,0.22211191113506024,7.218214044845855,0.6484190509340921,5.087151898476613,0.09131165894214499,568.660368687314,15.667031097581718,718.8366163236686,406.29191091012984,524.4807699563484,616.8143595785955,505.73920472455757,766.1216083657366,832.4701677932466,264.5389444520929,791.7768621477862,569.2691847302102,0.27686016728468954,0.02624385585733313,919.1853221531184,604.4132342549008,9.044469383707954,9.540437368988893,0.9672559289657435,0.31568447518842,0.6803816529814243,0.5326347364292311,818.7732945643081,967.693239650888,6.441481267548998,8.619630680128747,561.0,6.237746637484662E7,2.4504782819147877E7,-557.9498573284769,2046.4368032851921,793780.9144385026,346127.4382991408,687333.3029689444,4132538.463682714
0.5371114646573377,0.17924781514788746,0.404744244654636,0.21603744755642773,0.9542856598835311,2.7405234792556668,0.45363984203632945,10.80566271696234,0.24204560491774818,0.029835114949993802,0.6881930431741611,0.3359991400154131,0.22211191113506024,7.218214044845855,0.6484190509340921,5.087151898476613,0.09131165894214499,568.660368687314,15.667031097581718,718.8366163236686,406.29191091012984,524.4807699563484,616.8143595785955,505.73920472455757,766.1216083657366,832.4701677932466,264.5389444520929,791.7768621477862,569.2691847302102,0.27686016728468954,0.02624385585733313,919.1853221531184,604.4132342549008,9.044469383707954,9.540437368988893,0.9672559289657435,0.31568447518842,0.6803816529814243,0.5326347364292311,818.7732945643081,967.693239650888,6.441481267548998,8.619630680128747,561.0,6.627474357270762E7,2.6195117152350172E7,-546.8749910183167,2166.095597793769,793780.9144385026,346127.4382991408,760767.8365827007,4226978.281538797
0.5371114646573377,0.17924781514788746,0.404744244654636,0.21603744755642773,0.9542856598835311,2.7405234792556668,0.45363984203632945,10.80566271696234,0.24204560491774818,0.029835114949993802,0.6881930431741611,0.3359991400154131,0.22211191113506024,7.218214044845855,0.6484190509340921,5.087151898476613,0.09131165894214499,568.660368687314,15.667031097581718,718.8366163236686,406.29191091012984,524.4807699563484,616.8143595785955,505.73920472455757,766.1216083657366,832.4701677932466,264.5389444520929,791.7768621477862,569.2691847302102,0.27686016728468954,0.02624385585733313,919.1853221531184,604.4132342549008,9.044469383707954,9.540437368988893,0.9672559289657435,0.31568447518842,0.6803816529814243,0.5326347364292311,818.7732945643081,967.693239650888,6.441481267548998,8.619630680128747,561.0,7.024364814490019E7,2.7885497948969413E7,-527.1352405726838,2197.4365495954994,793780.9144385026,346127.4382991408,776333.319368975,4313318.683959176
0.5371114646573377,0.17924781514788746,0.404744244654636,0.21603744755642773,0.9542856598835311,2.7405234792556668,0.45363984203632945,10.80566271696234,0.24204560491774818,0.029835114949993802,0.6881930431741611,0.3359991400154131,0.22211191113506024,7.218214044845855,0.6484190509340921,5.087151898476613,0.09131165894214499,568.660368687314,15.667031097581718,718.8366163236686,406.29191091012984,524.4807699563484,616.8143595785955,505.73920472455757,766.1216083657366,832.4701677932466,264.5389444520929,791.7768621477862,569.2691847302102,0.27686016728468954,0.02624385585733313,919.1853221531184,604.4132342549008,9.044469383707954,9.540437368988893,0.9672559289657435,0.31568447518842,0.6803816529814243,0.5326347364292311,818.7732945643081,967.693239650888,6.441481267548998,8.619630680128747,561.0,7.375208257270756E7,2.9685775033895303E7,-513.6361318382807,2283.3505751282864,793780.9144385026,346127.4382991408,883912.0386558094,4307281.436886044
0.5523863554136451,0.47026927040928934,0.94826263201869,0.933188097761726,0.8885585349431127,5.251693705908416,0.37055199158190644,8.77849377331077,0.5445806317814811,0.2466330605332231,0.5280914752112608,0.09228645067467067,0.4036675299285283,3.3823903467990437,0.3219288482963085,2.2300587828806284,0.8344536849291158,972.6583205546139,660.8408034080209,531.4253073195464,751.5890383370593,715.1527752325109,169.83385634839533,280.1822689775383,995.327082834915,917.8112518051407,8.735260220988362,73.72248293699435,462.84858775605477,0.8361646336392348,0.20518456094471327,257.2043171591405,739.7022873312391,5.952881116963846,4.241758781200379,0.014955723687582578,0.46647449404568053,0.4856014044085627,0.12865755314008043,875.2266129115116,841.3956157171208,0.8704552088124273,8.906565978269485,485.0,1083.9001230405884,1436.1439251079532,70.75943263874916,43.490640459403195,372102.62324588886,730516.5799684288,89.00000000000081,8.100187187665122E-13
0.5523863554136451,0.47026927040928934,0.94826263201869,0.933188097761726,0.8885585349431127,5.251693705908416,0.37055199158190644,8.77849377331077,0.5445806317814811,0.2466330605332231,0.5280914752112608,0.09228645067467067,0.4036675299285283,3.3823903467990437,0.3219288482963085,2.2300587828806284,0.8344536849291158,972.6583205546139,660.8408034080209,531.4253073195464,751.5890383370593,715.1527752325109,169.83385634839533,280.1822689775383,995.327082834915,917.8112518051407,8.735260220988362,73.72248293699435,462.84858775605477,0.8361646336392348,0.20518456094471327,257.2043171591405,739.7022873312391,5.952881116963846,4.241758781200379,0.014955723687582578,0.46647449404568053,0.4856014044085627,0.12865755314008043,875.2266129115116,841.3956157171208,0.8704552088124273,8.906565978269485,485.0,3593939.0403292226,769493.8345716207,13.32025738101726,323.76139447251694,1210330.1443298974,245928.7087373669,89.00000000000081,8.100187187665122E-13
0.5523863554136451,0.47026927040928934,0.94826263201869,0.933188097761726,0.8885585349431127,5.251693705908416,0.37055199158190644,8.77849377331077,0.5445806317814811,0.2466330605332231,0.5280914752112608,0.09228645067467067,0.4036675299285283,3.3823903467990437,0.3219288482963085,2.2300587828806284,0.8344536849291158,972.6583205546139,660.8408034080209,531.4253073195464,751.5890383370593,715.1527752325109,169.83385634839533,280.1822689775383,995.327082834915,917.8112518051407,8.735260220988362,73.72248293699435,462.84858775605477,0.8361646336392348,0.20518456094471327,257.2043171591405,739.7022873312391,5.952881116963846,4.241758781200379,0.014955723687582578,0.46647449404568053,0.4856014044085627,0.12865755314008043,875.2266129115116,841.3956157171208,0.8704552088124273,8.906565978269485,485.0,9633305.454762219,1954296.038641287,-2.3127323097044052,453.9580596454143,1210330.1443298974,245928.7087373669,4037.542326951355,48557.008531329
0.5523863554136451,0.47026927040928934,0.94826263201869,0.933188097761726,0.8885585349431127,5.251693705908416,0.37055199158190644,8.77849377331077,0.5445806317814811,0.2466330605332231,0.5280914752112608,0.09228645067467067,0.4036675299285283,3.3823903467990437,0.3219288482963085,2.2300587828806284,0.8344536849291158,972.6583205546139,660.8408034080209,531.4253073195464,751.5890383370593,715.1527752325109,169.83385634839533,280.1822689775383,995.327082834915,917.8112518051407,8.735260220988362,73.72248293699435,462.84858775605477,0.8361646336392348,0.20518456094471327,257.2043171591405,739.7022873312391,5.952881116963846,4.241758781200379,0.014955723687582578,0.46647449404568053,0.4856014044085627,0.12865755314008043,875.2266129115116,841.3956157171208,0.8704552088124273,8.906565978269485,485.0,1.5632928223834388E7,3235689.9908405365,2.1285048036976595,873.817954461603,1210330.1443298974,245928.7087373669,6552.115457372114,66231.43984125802
0.5523863554136451,0.47026927040928934,0.94826263201869,0.933188097761726,0.8885585349431127,5.251693705908416,0.37055199158190644,8.77849377331077,0.5445806317814811,0.2466330605332231,0.5280914752112608,0.09228645067467067,0.4036675299285283,3.3823903467990437,0.3219288482963085,2.2300587828806284,0.8344536849291158,972.6583205546139,660.8408034080209,531.4253073195464,751.5890383370593,715.1527752325109,169.83385634839533,280.1822689775383,995.327082834915,917.8112518051407,8.735260220988362,73.72248293699435,462.84858775605477,0.8361646336392348,0.20518456094471327,257.2043171591405,739.7022873312391,5.952881116963846,4.241758781200379,0.014955723687582578,0.46647449404568053,0.4856014044085627,0.12865755314008043,875.2266129115116,841.3956157171208,0.8704552088124273,8.906565978269485,485.0,2.1672294638267353E7,4433361.831114717,1.0852058346254645,1307.0728362513278,1210330.1443298974,245928.7087373669,31462.16249501922,412314.3155730966
0.5523863554136451,0.47026927040928934,0.94826263201869,0.933188097761726,0.8885585349431127,5.251693705908416,0.37055199158190644,8.77849377331077,0.5445806317814811,0.2466330605332231,0.5280914752112608,0.09228645067467067,0.4036675299285283,3.3823903467990437,0.3219288482963085,2.2300587828806284,0.8344536849291158,972.6583205546139,660.8408034080209,531.4253073195464,751.5890383370593,715.1527752325109,169.83385634839533,280.1822689775383,995.327082834915,917.8112518051407,8.735260220988362,73.72248293699435,462.84858775605477,0.8361646336392348,0.20518456094471327,257.2043171591405,739.7022873312391,5.952881116963846,4.241758781200379,0.014955723687582578,0.46647449404568053,0.4856014044085627,0.12865755314008043,875.2266129115116,841.3956157171208,0.8704552088124273,8.906565978269485,485.0,2.686635592692718E7,9852196.543883374,-0.1725261241373517,1521.6092177788294,1210330.1443298974,245928.7087373669,191824.21770880837,2389835.664749756
0.5523863554136451,0.47026927040928934,0.94826263201869,0.933188097761726,0.8885585349431127,5.251693705908416,0.37055199158190644,8.77849377331077,0.5445806317814811,0.2466330605332231,0.5280914752112608,0.09228645067467067,0.4036675299285283,3.3823903467990437,0.3219288482963085,2.2300587828806284,0.8344536849291158,972.6583205546139,660.8408034080209,531.4253073195464,751.5890383370593,715.1527752325109,169.83385634839533,280.1822689775383,995.327082834915,917.8112518051407,8.735260220988362,73.72248293699435,462.84858775605477,0.8361646336392348,0.20518456094471327,257.2043171591405,739.7022873312391,5.952881116963846,4.241758781200379,0.014955723687582578,0.46647449404568053,0.4856014044085627,0.12865755314008043,875.2266129115116,841.3956157171208,0.8704552088124273,8.906565978269485,485.0,3.2494367551669426E7,1.0930429954933288E7,29.046030576893664,1768.722570073079,1210330.1443298974,245928.7087373669,272461.4183865891,2452403.5879512383
0.5523863554136451,0.47026927040928934,0.94826263201869,0.933188097761726,0.8885585349431127,5.251693705908416,0.37055199158190644,8.77849377331077,0.5445806317814811,0.2466330605332231,0.5280914752112608,0.09228645067467067,0.4036675299285283,3.3823903467990437,0.3219288482963085,2.2300587828806284,0.8344536849291158,972.6583205546139,660.8408034080209,531.4253073195464,751.5890383370593,715.1527752325109,169.83385634839533,280.1822689775383,995.327082834915,917.8112518051407,8.735260220988362,73.72248293699435,462.84858775605477,0.8361646336392348,0.20518456094471327,257.2043171591405,739.7022873312391,5.952881116963846,4.241758781200379,0.014955723687582578,0.46647449404568053,0.4856014044085627,0.12865755314008043,875.2266129115116,841.3956157171208,0.8704552088124273,8.906565978269485,485.0,3.7706385970226124E7,1.415506227899648E7,67.6913914016362,1904.570823690943,1210330.1443298974,245928.7087373669,487442.90829642117,3210513.2186912787
0.5523863554136451,0.47026927040928934,0.94826263201869,0.933188097761726,0.8885585349431127,5.251693705908416,0.37055199158190644,8.77849377331077,0.5445806317814811,0.2466330605332231,0.5280914752112608,0.09228645067467067,0.4036675299285283,3.3823903467990437,0.3219288482963085,2.2300587828806284,0.8344536849291158,972.6583205546139,660.8408034080209,531.4253073195464,751.5890383370593,715.1527752325109,169.83385634839533,280.1822689775383,995.327082834915,917.8112518051407,8.735260220988362,73.72248293699435,462.84858775605477,0.8361646336392348,0.20518456094471327,257.2043171591405,739.7022873312391,5.952881116963846,4.241758781200379,0.014955723687582578,0.46647449404568053,0.4856014044085627,0.12865755314008043,875.2266129115116,841.3956157171208,0.8704552088124273,8.906565978269485,485.0,4.335023613517456E7,1.5229082049195513E7,137.65015428823406,2031.388072922153,1210330.1443298974,245928.7087373669,823623.6374797064,5283822.005496065
0.5523863554136451,0.47026927040928934,0.94826263201869,0.933188097761726,0.8885585349431127,5.251693705908416,0.37055199158190644,8.77849377331077,0.5445806317814811,0.2466330605332231,0.5280914752112608,0.09228645067467067,0.4036675299285283,3.3823903467990437,0.3219288482963085,2.2300587828806284,0.8344536849291158,972.6583205546139,660.8408034080209,531.4253073195464,751.5890383370593,715.1527752325109,169.83385634839533,280.1822689775383,995.327082834915,917.8112518051407,8.735260220988362,73.72248293699435,462.84858775605477,0.8361646336392348,0.20518456094471327,257.2043171591405,739.7022873312391,5.952881116963846,4.241758781200379,0.014955723687582578,0.46647449404568053,0.4856014044085627,0.12865755314008043,875.2266129115116,841.3956157171208,0.8704552088124273,8.906565978269485,485.0,4.85158552691952E7,1.757659538232039E7,215.96561820575948,2265.080133520584,1210330.1443298974,245928.7087373669,1115877.4676312876,6784121.052616682
0.5523863554136451,0.47026927040928934,0.94826263201869,0.933188097761726,0.8885585349431127,5.251693705908416,0.37055199158190644,8.77849377331077,0.5445806317814811,0.2466330605332231,0.5280914752112608,0.09228645067467067,0.4036675299285283,3.3823903467990437,0.3219288482963085,2.2300587828806284,0.8344536849291158,972.6583205546139,660.8408034080209,531.4253073195464,751.5890383370593,715.1527752325109,169.83385634839533,280.1822689775383,995.327082834915,917.8112518051407,8.735260220988362,73.72248293699435,462.84858775605477,0.8361646336392348,0.20518456094471327,257.2043171591405,739.7022873312391,5.952881116963846,4.241758781200379,0.014955723687582578,0.46647449404568053,0.4856014044085627,0.12865755314008043,875.2266129115116,841.3956157171208,0.8704552088124273,8.906565978269485,485.0,5.415965523414364E7,1.8531288995120857E7,344.0604635665841,2439.1198327522648,1210330.1443298974,245928.7087373669,1917027.2387230878,9671151.743885215
0.5523863554136451,0.47026927040928934,0.94826263201869,0.933188097761726,0.8885585349431127,5.251693705908416,0.37055199158190644,8.77849377331077,0.5445806317814811,0.2466330605332231,0.5280914752112608,0.09228645067467067,0.4036675299285283,3.3823903467990437,0.3219288482963085,2.2300587828806284,0.8344536849291158,972.6583205546139,660.8408034080209,531.4253073195464,751.5890383370593,715.1527752325109,169.83385634839533,280.1822689775383,995.327082834915,917.8112518051407,8.735260220988362,73.72248293699435,462.84858775605477,0.8361646336392348,0.20518456094471327,257.2043171591405,739.7022873312391,5.952881116963846,4.241758781200379,0.014955723687582578,0.46647449404568053,0.4856014044085627,0.12865755314008043,875.2266129115116,841.3956157171208,0.8704552088124273,8.906565978269485,485.0,5.9371673656824134E7,2.184691515948507E7,447.26458727792465,2863.043442649204,1210330.1443298974,245928.7087373669,2442753.8213842534,1.1425191417575026E7
0.5523863554136451,0.47026927040928934,0.94826263201869,0.933188097761726,0.8885585349431127,5.251693705908416,0.37055199158190644,8.77849377331077,0.5445806317814811,0.2466330605332231,0.5280914752112608,0.09228645067467067,0.4036675299285283,3.3823903467990437,0.3219288482963085,2.2300587828806284,0.8344536849291158,972.6583205546139,660.8408034080209,531.4253073195464,751.5890383370593,715.1527752325109,169.83385634839533,280.1822689775383,995.327082834915,917.8112518051407,8.735260220988362,73.72248293699435,462.84858775605477,0.8361646336392348,0.20518456094471327,257.2043171591405,739.7022873312391,5.952881116963846,4.241758781200379,0.014955723687582578,0.46647449404568053,0.4856014044085627,0.12865755314008043,875.2266129115116,841.3956157171208,0.8704552088124273,8.906565978269485,485.0,6.4999735475380786E7,2.270117961894629E7,550.8419068655534,3194.7705420509965,1210330.1443298974,245928.7087373669,2802307.393465381,1.2137307507900426E7
0.5523863554136451,0.47026927040928934,0.94826263201869,0.933188097761726,0.8885585349431127,5.251693705908416,0.37055199158190644,8.77849377331077,0.5445806317814811,0.2466330605332231,0.5280914752112608,0.09228645067467067,0.4036675299285283,3.3823903467990437,0.3219288482963085,2.2300587828806284,0.8344536849291158,972.6583205546139,660.8408034080209,531.4253073195464,751.5890383370593,715.1527752325109,169.83385634839533,280.1822689775383,995.327082834915,917.8112518051407,8.735260220988362,73.72248293699435,462.84858775605477,0.8361646336392348,0.20518456094471327,257.2043171591405,739.7022873312391,5.952881116963846,4.241758781200379,0.014955723687582578,0.46647449404568053,0.4856014044085627,0.12865755314008043,875.2266129115116,841.3956157171208,0.8704552088124273,8.906565978269485,485.0,7.019379676816437E7,2.4945059568024103E7,587.6357212985431,3376.448105151618,1210330.1443298974,245928.7087373669,3314782.275092304,1.3741153047063468E7
0.5523863554136451,0.47026927040928934,0.94826263201869,0.933188097761726,0.8885585349431127,5.251693705908416,0.37055199158190644,8.77849377331077,0.5445806317814811,0.2466330605332231,0.5280914752112608,0.09228645067467067,0.4036675299285283,3.3823903467990437,0.3219288482963085,2.2300587828806284,0.8344536849291158,972.6583205546139,660.8408034080209,531.4253073195464,751.5890383370593,715.1527752325109,169.83385634839533,280.1822689775383,995.327082834915,917.8112518051407,8.735260220988362,73.72248293699435,462.84858775605477,0.8361646336392348,0.20518456094471327,257.2043171591405,739.7022873312391,5.952881116963846,4.241758781200379,0.014955723687582578,0.46647449404568053,0.4856014044085627,0.12865755314008043,875.2266129115116,841.3956157171208,0.8704552088124273,8.906565978269485,485.0,7.584926773311274E7,2.5847539031845182E7,754.6852058346258,3589.7981294781493,1210330.1443298974,245928.7087373669,3843047.712944542,1.504343897991334E7
0.5523863554136451,0.47026927040928934,0.94826263201869,0.933188097761726,0.8885585349431127,5.251693705908416,0.37055199158190644,8.77849377331077,0.5445806317814811,0.2466330605332231,0.5280914752112608,0.09228645067467067,0.4036675299285283,3.3823903467990437,0.3219288482963085,2.2300587828806284,0.8344536849291158,972.6583205546139,660.8408034080209,531.4253073195464,751.5890383370593,715.1527752325109,169.83385634839533,280.1822689775383,995.327082834915,917.8112518051407,8.735260220988362,73.72248293699435,462.84858775605477,0.8361646336392348,0.20518456094471327,257.2043171591405,739.7022873312391,5.952881116963846,4.241758781200379,0.014955723687582578,0.46647449404568053,0.4856014044085627,0.12865755314008043,875.2266129115116,841.3956157171208,0.8704552088124273,8.906565978269485,485.0,8.10215425063086E7,2.837719201233486E7,896.5078862469961,3828.6870121937204,1210330.1443298974,245928.7087373669,4315331.292219173,1.5782375485697648E7
0.5523863554136451,0.47026927040928934,0.94826263201869,0.933188097761726,0.8885585349431127,5.251693705908416,0.37055199158190644,8.77849377331077,0.5445806317814811,0.2466330605332231,0.5280914752112608,0.09228645067467067,0.4036675299285283,3.3823903467990437,0.3219288482963085,2.2300587828806284,0.8344536849291158,972.6583205546139,660.8408034080209,531.4253073195464,751.5890383370593,715.1527752325109,169.83385634839533,280.1822689775383,995.327082834915,917.8112518051407,8.735260220988362,73.72248293699435,462.84858775605477,0.8361646336392348,0.20518456094471327,257.2043171591405,739.7022873312391,5.952881116963846,4.241758781200379,0.014955723687582578,0.46647449404568053,0.4856014044085627,0.12865755314008043,875.2266129115116,841.3956157171208,0.8704552088124273,8.906565978269485,485.0,8.66653926753808E7,2.928907859128882E7,1067.2006697521538,4208.239890945611,1210330.1443298974,245928.7087373669,4781353.221084408,1.6561318150440132E7
0.5523863554136451,0.47026927040928934,0.94826263201869,0.933188097761726,0.8885585349431127,5.251693705908416,0.37055199158190644,8.77849377331077,0.5445806317814811,0.2466330605332231,0.5280914752112608,0.09228645067467067,0.4036675299285283,3.3823903467990437,0.3219288482963085,2.2300587828806284,0.8344536849291158,972.6583205546139,660.8408034080209,531.4253073195464,751.5890383370593,715.1527752325109,169.83385634839533,280.1822689775383,995.327082834915,917.8112518051407,8.735260220988362,73.72248293699435,462.84858775605477,0.8361646336392348,0.20518456094471327,257.2043171591405,739.7022873312391,5.952881116963846,4.241758781200379,0.014955723687582578,0.46647449404568053,0.4856014044085627,0.12865755314008043,875.2266129115116,841.3956157171208,0.8704552088124273,8.906565978269485,485.0,9.18310118197107E7,3.0730019768976025E7,1169.4315975872055,4413.864788477913,1210330.1443298974,245928.7087373669,5079141.131612176,1.704383583696674E7
0.5523863554136451,0.47026927040928934,0.94826263201869,0.933188097761726,0.8885585349431127,5.251693705908416,0.37055199158190644,8.77849377331077,0.5445806317814811,0.2466330605332231,0.5280914752112608,0.09228645067467067,0.4036675299285283,3.3823903467990437,0.3219288482963085,2.2300587828806284,0.8344536849291158,972.6583205546139,660.8408034080209,531.4253073195464,751.5890383370593,715.1527752325109,169.83385634839533,280.1822689775383,995.327082834915,917.8112518051407,8.735260220988362,73.72248293699435,462.84858775605477,0.8361646336392348,0.20518456094471327,257.2043171591405,739.7022873312391,5.952881116963846,4.241758781200379,0.014955723687582578,0.46647449404568053,0.4856014044085627,0.12865755314008043,875.2266129115116,841.3956157171208,0.8704552088124273,8.906565978269485,485.0,9.749876709599945E7,3.1521737185740158E7,1266.4192264531832,4539.751744644113,1210330.1443298974,245928.7087373669,5486061.892781477,1.796051697189522E7
0.5523863554136451,0.47026927040928934,0.94826263201869,0.933188097761726,0.8885585349431127,5.251693705908416,0.37055199158190644,8.77849377331077,0.5445806317814811,0.2466330605332231,0.5280914752112608,0.09228645067467067,0.4036675299285283,3.3823903467990437,0.3219288482963085,2.2300587828806284,0.8344536849291158,972.6583205546139,660.8408034080209,531.4253073195464,751.5890383370593,715.1527752325109,169.83385634839533,280.1822689775383,995.327082834915,917.8112518051407,8.735260220988362,73.72248293699435,462.84858775605477,0.8361646336392348,0.20518456094471327,257.2043171591405,739.7022873312391,5.952881116963846,4.241758781200379,0.014955723687582578,0.46647449404568053,0.4856014044085627,0.12865755314008043,875.2266129115116,841.3956157171208,0.8704552088124273,8.906565978269485,485.0,1.0261684192074159E8,3.500955080058115E7,1310.390360473803,4861.434416504597,1210330.1443298974,245928.7087373669,5585988.925183003,1.8104264011666354E7
