,Person.const_buyBeef,Person.const_buyBread,Person.const_buyFlour,Person.const_buyFuel,Person.const_buyLand,Person.const_buyMu,Person.const_buyOil,Person.const_buySigma,Person.const_buyWheat,Person.const_consumeBeef,Person.const_consumeBread,Person.const_consumeFlour,Person.const_consumeFuel,Person.const_consumeMu,Person.const_consumeOil,Person.const_consumeSigma,Person.const_consumeWheat,Person.const_enjoyBeefMu,Person.const_enjoyBeefSigma,Person.const_enjoyBreadMu,Person.const_enjoyBreadSigma,Person.const_enjoyFlourMu,Person.const_enjoyFlourSigma,Person.const_enjoyFuelMu,Person.const_enjoyFuelSigma,Person.const_enjoyOilMu,Person.const_enjoyOilSigma,Person.const_enjoyWheatMu,Person.const_enjoyWheatSigma,Person.const_femaleActiveMu,Person.const_femaleActiveSigma,Person.const_femaleBonusSalMu,Person.const_femaleBonusSalSigma,Person.const_femaleEduMu,Person.const_femaleEduSigma,Person.const_genderMu,Person.const_genderSigma,Person.const_maleActiveMu,Person.const_maleActiveSigma,Person.const_maleBonusSalMu,Person.const_maleBonusSalSigma,Person.const_maleEduMu,Person.const_maleEduSigma,Person.const_number,Person.var_capitalMu,Person.var_capitalSigma,Person.var_happinessMu,Person.var_happinessSigma,Person.var_salaryMu,Person.var_salarySigma,Person.var_total_value_destroyedMu,Person.var_total_value_destroyedSigma
0,0.5,0.5,0.5,0.5,0.5,1.0,0.5,2.0,0.5,0.5,0.5,0.5,0.5,1.0,0.5,2.0,0.5,10.0,10.0,10.0,10.0,10.0,10.0,10.0,10.0,10.0,10.0,10.0,10.000000000000057,0.8319789736226061,0.8003135201541757,80.0,7.0,5.0,1.0,0.5,0.09999999999999998,0.8078181322438536,0.7809019612139737,100.0,10.0,6.0,1.0,100.0,162788130.0,193571620.0,4219.048,39178.99,-148167.44,1554306.6,-4974567.0,59853732.0
1,0.5,0.5,0.5,0.5,0.5,1.0,0.5,2.0,0.5,0.5,0.5,0.5,0.5,1.0,0.5,2.0,0.5,10.0,10.0,10.0,10.0,10.0,10.0,10.0,10.0,10.0,10.0,10.0,10.000000000000057,0.8319789736226061,0.8003135201541757,80.0,7.0,5.0,1.0,0.5,0.09999999999999998,0.8078181322438536,0.7809019612139737,100.0,10.0,6.0,1.0,100.0,281189860.0,266947840.0,18392.365,47742.46,-453368.38,2003286.5,6187093.0,78808270.0
2,0.5,0.5,0.5,0.5,0.5,1.0,0.5,2.0,0.5,0.5,0.5,0.5,0.5,1.0,0.5,2.0,0.5,10.0,10.0,10.0,10.0,10.0,10.0,10.0,10.0,10.0,10.0,10.0,10.000000000000057,0.8319789736226061,0.8003135201541757,80.0,7.0,5.0,1.0,0.5,0.09999999999999998,0.8078181322438536,0.7809019612139737,100.0,10.0,6.0,1.0,100.0,362025440.0,334459940.0,33315.254,55427.46,-567184.75,2289242.0,13372170.0,66997908.0
3,0.5,0.5,0.5,0.5,0.5,1.0,0.5,2.0,0.5,0.5,0.5,0.5,0.5,1.0,0.5,2.0,0.5,10.0,10.0,10.0,10.0,10.0,10.0,10.0,10.0,10.0,10.0,10.0,10.000000000000057,0.8319789736226061,0.8003135201541757,80.0,7.0,5.0,1.0,0.5,0.09999999999999998,0.8078181322438536,0.7809019612139737,100.0,10.0,6.0,1.0,100.0,415910200.0,371516300.0,48033.977,55923.406,-367848.12,2553513.0,24608638.0,49953384.0
4,0.5,0.5,0.5,0.5,0.5,1.0,0.5,2.0,0.5,0.5,0.5,0.5,0.5,1.0,0.5,2.0,0.5,10.0,10.0,10.0,10.0,10.0,10.0,10.0,10.0,10.0,10.0,10.0,10.000000000000057,0.8319789736226061,0.8003135201541757,80.0,7.0,5.0,1.0,0.5,0.09999999999999998,0.8078181322438536,0.7809019612139737,100.0,10.0,6.0,1.0,100.0,455343650.0,393772300.0,60701.594,52742.234,-57464.938,2863560.8,31147892.0,31755108.0
5,0.5,0.5,0.5,0.5,0.5,1.0,0.5,2.0,0.5,0.5,0.5,0.5,0.5,1.0,0.5,2.0,0.5,10.0,10.0,10.0,10.0,10.0,10.0,10.0,10.0,10.0,10.0,10.0,10.000000000000057,0.8319789736226061,0.8003135201541757,80.0,7.0,5.0,1.0,0.5,0.09999999999999998,0.8078181322438536,0.7809019612139737,100.0,10.0,6.0,1.0,100.0,490980860.0,412615870.0,71341.164,47857.47,259323.9,3156133.8,32594406.0,18569852.0
6,0.5,0.5,0.5,0.5,0.5,1.0,0.5,2.0,0.5,0.5,0.5,0.5,0.5,1.0,0.5,2.0,0.5,10.0,10.0,10.0,10.0,10.0,10.0,10.0,10.0,10.0,10.0,10.0,10.000000000000057,0.8319789736226061,0.8003135201541757,80.0,7.0,5.0,1.0,0.5,0.09999999999999998,0.8078181322438536,0.7809019612139737,100.0,10.0,6.0,1.0,100.0,524454050.0,435764100.0,80154.36,42223.96,568805.06,3422901.2,32231590.0,8270763.0
7,0.5,0.5,0.5,0.5,0.5,1.0,0.5,2.0,0.5,0.5,0.5,0.5,0.5,1.0,0.5,2.0,0.5,10.0,10.0,10.0,10.0,10.0,10.0,10.0,10.0,10.0,10.0,10.0,10.000000000000057,0.8319789736226061,0.8003135201541757,80.0,7.0,5.0,1.0,0.5,0.09999999999999998,0.8078181322438536,0.7809019612139737,100.0,10.0,6.0,1.0,100.0,552294800.0,463695870.0,87421.125,38051.336,788760.3,3653672.2,30352464.0,2775880.0
8,0.5,0.5,0.5,0.5,0.5,1.0,0.5,2.0,0.5,0.5,0.5,0.5,0.5,1.0,0.5,2.0,0.5,10.0,10.0,10.0,10.0,10.0,10.0,10.0,10.0,10.0,10.0,10.0,10.000000000000057,0.8319789736226061,0.8003135201541757,80.0,7.0,5.0,1.0,0.5,0.09999999999999998,0.8078181322438536,0.7809019612139737,100.0,10.0,6.0,1.0,100.0,565749800.0,498061200.0,92234.25,35384.43,949654.75,3871179.5,29502898.0,2892320.0
9,0.5,0.5,0.5,0.5,0.5,1.0,0.5,2.0,0.5,0.5,0.5,0.5,0.5,1.0,0.5,2.0,0.5,10.0,10.0,10.0,10.0,10.0,10.0,10.0,10.0,10.0,10.0,10.0,10.000000000000057,0.8319789736226061,0.8003135201541757,80.0,7.0,5.0,1.0,0.5,0.09999999999999998,0.8078181322438536,0.7809019612139737,100.0,10.0,6.0,1.0,100.0,579534800.0,535646530.0,95134.195,32538.824,1061795.5,4075174.0,29256124.0,9719560.0
10,0.5,0.5,0.5,0.5,0.5,1.0,0.5,2.0,0.5,0.5,0.5,0.5,0.5,1.0,0.5,2.0,0.5,10.0,10.0,10.0,10.0,10.0,10.0,10.0,10.0,10.0,10.0,10.0,10.000000000000057,0.8319789736226061,0.8003135201541757,80.0,7.0,5.0,1.0,0.5,0.09999999999999998,0.8078181322438536,0.7809019612139737,100.0,10.0,6.0,1.0,100.0,595255230.0,572222400.0,97078.64,29058.336,1196644.4,4276860.5,31491824.0,18948666.0
11,0.5,0.5,0.5,0.5,0.5,1.0,0.5,2.0,0.5,0.5,0.5,0.5,0.5,1.0,0.5,2.0,0.5,10.0,10.0,10.0,10.0,10.0,10.0,10.0,10.0,10.0,10.0,10.0,10.000000000000057,0.8319789736226061,0.8003135201541757,80.0,7.0,5.0,1.0,0.5,0.09999999999999998,0.8078181322438536,0.7809019612139737,100.0,10.0,6.0,1.0,100.0,607509300.0,611008100.0,99830.42,26534.441,1391016.8,4458832.5,35324772.0,28390170.0
12,0.5,0.5,0.5,0.5,0.5,1.0,0.5,2.0,0.5,0.5,0.5,0.5,0.5,1.0,0.5,2.0,0.5,10.0,10.0,10.0,10.0,10.0,10.0,10.0,10.0,10.0,10.0,10.0,10.000000000000057,0.8319789736226061,0.8003135201541757,80.0,7.0,5.0,1.0,0.5,0.09999999999999998,0.8078181322438536,0.7809019612139737,100.0,10.0,6.0,1.0,100.0,618691460.0,647307800.0,103112.1,26312.023,1557269.0,4627063.5,38031230.0,37119480.0
13,0.5,0.5,0.5,0.5,0.5,1.0,0.5,2.0,0.5,0.5,0.5,0.5,0.5,1.0,0.5,2.0,0.5,10.0,10.0,10.0,10.0,10.0,10.0,10.0,10.0,10.0,10.0,10.0,10.000000000000057,0.8319789736226061,0.8003135201541757,80.0,7.0,5.0,1.0,0.5,0.09999999999999998,0.8078181322438536,0.7809019612139737,100.0,10.0,6.0,1.0,100.0,626163260.0,683010800.0,105177.67,27885.271,1741534.9,4783948.5,41570080.0,46858850.0
14,0.5,0.5,0.5,0.5,0.5,1.0,0.5,2.0,0.5,0.5,0.5,0.5,0.5,1.0,0.5,2.0,0.5,10.0,10.0,10.0,10.0,10.0,10.0,10.0,10.0,10.0,10.0,10.0,10.000000000000057,0.8319789736226061,0.8003135201541757,80.0,7.0,5.0,1.0,0.5,0.09999999999999998,0.8078181322438536,0.7809019612139737,100.0,10.0,6.0,1.0,100.0,637100860.0,715970100.0,105652.586,31747.059,1935254.5,4903019.5,45659136.0,61115812.0
15,0.5,0.5,0.5,0.5,0.5,1.0,0.5,2.0,0.5,0.5,0.5,0.5,0.5,1.0,0.5,2.0,0.5,10.0,10.0,10.0,10.0,10.0,10.0,10.0,10.0,10.0,10.0,10.0,10.000000000000057,0.8319789736226061,0.8003135201541757,80.0,7.0,5.0,1.0,0.5,0.09999999999999998,0.8078181322438536,0.7809019612139737,100.0,10.0,6.0,1.0,100.0,650093950.0,750624700.0,105184.125,36780.453,2090141.2,5008381.5,49931470.0,78717230.0
16,0.5,0.5,0.5,0.5,0.5,1.0,0.5,2.0,0.5,0.5,0.5,0.5,0.5,1.0,0.5,2.0,0.5,10.0,10.0,10.0,10.0,10.0,10.0,10.0,10.0,10.0,10.0,10.0,10.000000000000057,0.8319789736226061,0.8003135201541757,80.0,7.0,5.0,1.0,0.5,0.09999999999999998,0.8078181322438536,0.7809019612139737,100.0,10.0,6.0,1.0,100.0,666613950.0,785951000.0,103834.78,41737.805,2191553.8,5104335.5,52337904.0,95444860.0
17,0.5,0.5,0.5,0.5,0.5,1.0,0.5,2.0,0.5,0.5,0.5,0.5,0.5,1.0,0.5,2.0,0.5,10.0,10.0,10.0,10.0,10.0,10.0,10.0,10.0,10.0,10.0,10.0,10.000000000000057,0.8319789736226061,0.8003135201541757,80.0,7.0,5.0,1.0,0.5,0.09999999999999998,0.8078181322438536,0.7809019612139737,100.0,10.0,6.0,1.0,100.0,682529340.0,823324000.0,100001.13,47417.742,2319914.0,5194785.5,54780110.0,114769520.0
18,0.5,0.5,0.5,0.5,0.5,1.0,0.5,2.0,0.5,0.5,0.5,0.5,0.5,1.0,0.5,2.0,0.5,10.0,10.0,10.0,10.0,10.0,10.0,10.0,10.0,10.0,10.0,10.0,10.000000000000057,0.8319789736226061,0.8003135201541757,80.0,7.0,5.0,1.0,0.5,0.09999999999999998,0.8078181322438536,0.7809019612139737,100.0,10.0,6.0,1.0,100.0,698552600.0,862050800.0,93398.26,51852.15,2441182.0,5302877.0,56806920.0,133289570.0
19,0.5,0.5,0.5,0.5,0.5,1.0,0.5,2.0,0.5,0.5,0.5,0.5,0.5,1.0,0.5,2.0,0.5,10.0,10.0,10.0,10.0,10.0,10.0,10.0,10.0,10.0,10.0,10.0,10.000000000000057,0.8319789736226061,0.8003135201541757,80.0,7.0,5.0,1.0,0.5,0.09999999999999998,0.8078181322438536,0.7809019612139737,100.0,10.0,6.0,1.0,100.0,712700000.0,905696060.0,84478.01,52289.727,2537825.2,5467684.0,57041150.0,146762180.0
20,0.5,0.5,0.5,0.5,0.5,1.0,0.5,2.0,0.5,0.5,0.5,0.5,0.5,1.0,0.5,2.0,0.5,10.0,10.0,10.0,10.0,10.0,10.0,10.0,10.0,10.0,10.0,10.0,10.000000000000057,0.8319789736226061,0.8003135201541757,80.0,7.0,5.0,1.0,0.5,0.09999999999999998,0.8078181322438536,0.7809019612139737,100.0,10.0,6.0,1.0,100.0,732163500.0,946270000.0,74520.266,49806.9,2645277.0,5664598.5,53721624.0,160602190.0
21,0.5,0.5,0.5,0.5,0.5,1.0,0.5,2.0,0.5,0.5,0.5,0.5,0.5,1.0,0.5,2.0,0.5,10.0,10.0,10.0,10.0,10.0,10.0,10.0,10.0,10.0,10.0,10.0,10.000000000000057,0.8319789736226061,0.8003135201541757,80.0,7.0,5.0,1.0,0.5,0.09999999999999998,0.8078181322438536,0.7809019612139737,100.0,10.0,6.0,1.0,100.0,754998850.0,985596900.0,64800.41,45885.344,2752889.0,5878996.5,48460416.0,176181470.0
22,0.5,0.5,0.5,0.5,0.5,1.0,0.5,2.0,0.5,0.5,0.5,0.5,0.5,1.0,0.5,2.0,0.5,10.0,10.0,10.0,10.0,10.0,10.0,10.0,10.0,10.0,10.0,10.0,10.000000000000057,0.8319789736226061,0.8003135201541757,80.0,7.0,5.0,1.0,0.5,0.09999999999999998,0.8078181322438536,0.7809019612139737,100.0,10.0,6.0,1.0,100.0,781277900.0,1024614400.0,55883.395,41560.36,2879589.2,6105910.5,43150456.0,192817000.0
23,0.5,0.5,0.5,0.5,0.5,1.0,0.5,2.0,0.5,0.5,0.5,0.5,0.5,1.0,0.5,2.0,0.5,10.0,10.0,10.0,10.0,10.0,10.0,10.0,10.0,10.0,10.0,10.0,10.000000000000057,0.8319789736226061,0.8003135201541757,80.0,7.0,5.0,1.0,0.5,0.09999999999999998,0.8078181322438536,0.7809019612139737,100.0,10.0,6.0,1.0,100.0,812086140.0,1062831200.0,47900.008,37508.07,3033292.8,6340832.0,38709096.0,209656220.0
24,0.5,0.5,0.5,0.5,0.5,1.0,0.5,2.0,0.5,0.5,0.5,0.5,0.5,1.0,0.5,2.0,0.5,10.0,10.0,10.0,10.0,10.0,10.0,10.0,10.0,10.0,10.0,10.0,10.000000000000057,0.8319789736226061,0.8003135201541757,80.0,7.0,5.0,1.0,0.5,0.09999999999999998,0.8078181322438536,0.7809019612139737,100.0,10.0,6.0,1.0,100.0,845220160.0,1100263600.0,40965.516,34436.652,3160995.0,6578583.0,35267640.0,227944260.0
25,0.5,0.5,0.5,0.5,0.5,1.0,0.5,2.0,0.5,0.5,0.5,0.5,0.5,1.0,0.5,2.0,0.5,10.0,10.0,10.0,10.0,10.0,10.0,10.0,10.0,10.0,10.0,10.0,10.000000000000057,0.8319789736226061,0.8003135201541757,80.0,7.0,5.0,1.0,0.5,0.09999999999999998,0.8078181322438536,0.7809019612139737,100.0,10.0,6.0,1.0,100.0,881409900.0,1139145000.0,34776.957,32369.693,3267918.8,6814469.5,33285030.0,246748670.0
26,0.5,0.5,0.5,0.5,0.5,1.0,0.5,2.0,0.5,0.5,0.5,0.5,0.5,1.0,0.5,2.0,0.5,10.0,10.0,10.0,10.0,10.0,10.0,10.0,10.0,10.0,10.0,10.0,10.000000000000057,0.8319789736226061,0.8003135201541757,80.0,7.0,5.0,1.0,0.5,0.09999999999999998,0.8078181322438536,0.7809019612139737,100.0,10.0,6.0,1.0,100.0,921498200.0,1179909500.0,28985.857,31279.475,3360399.0,7050655.0,32456042.0,265503120.0
27,0.5,0.5,0.5,0.5,0.5,1.0,0.5,2.0,0.5,0.5,0.5,0.5,0.5,1.0,0.5,2.0,0.5,10.0,10.0,10.0,10.0,10.0,10.0,10.0,10.0,10.0,10.0,10.0,10.000000000000057,0.8319789736226061,0.8003135201541757,80.0,7.0,5.0,1.0,0.5,0.09999999999999998,0.8078181322438536,0.7809019612139737,100.0,10.0,6.0,1.0,100.0,963644160.0,1220742400.0,23806.379,31267.36,3434919.2,7291844.0,32343120.0,284069250.0
28,0.5,0.5,0.5,0.5,0.5,1.0,0.5,2.0,0.5,0.5,0.5,0.5,0.5,1.0,0.5,2.0,0.5,10.0,10.0,10.0,10.0,10.0,10.0,10.0,10.0,10.0,10.0,10.0,10.000000000000057,0.8319789736226061,0.8003135201541757,80.0,7.0,5.0,1.0,0.5,0.09999999999999998,0.8078181322438536,0.7809019612139737,100.0,10.0,6.0,1.0,100.0,1007183200.0,1261703400.0,19265.459,32377.691,3495918.2,7542160.0,32913008.0,302699100.0
29,0.5,0.5,0.5,0.5,0.5,1.0,0.5,2.0,0.5,0.5,0.5,0.5,0.5,1.0,0.5,2.0,0.5,10.0,10.0,10.0,10.0,10.0,10.0,10.0,10.0,10.0,10.0,10.0,10.000000000000057,0.8319789736226061,0.8003135201541757,80.0,7.0,5.0,1.0,0.5,0.09999999999999998,0.8078181322438536,0.7809019612139737,100.0,10.0,6.0,1.0,100.0,1050252200.0,1303465200.0,14937.038,34021.695,3536115.5,7797480.5,33607900.0,321631460.0
30,0.5,0.5,0.5,0.5,0.5,1.0,0.5,2.0,0.5,0.5,0.5,0.5,0.5,1.0,0.5,2.0,0.5,10.0,10.0,10.0,10.0,10.0,10.0,10.0,10.0,10.0,10.0,10.0,10.000000000000057,0.8319789736226061,0.8003135201541757,80.0,7.0,5.0,1.0,0.5,0.09999999999999998,0.8078181322438536,0.7809019612139737,100.0,10.0,6.0,1.0,100.0,1092294100.0,1346291700.0,10712.377,35784.082,3556171.2,8055912.5,34221336.0,340610780.0
31,0.5,0.5,0.5,0.5,0.5,1.0,0.5,2.0,0.5,0.5,0.5,0.5,0.5,1.0,0.5,2.0,0.5,10.0,10.0,10.0,10.0,10.0,10.0,10.0,10.0,10.0,10.0,10.0,10.000000000000057,0.8319789736226061,0.8003135201541757,80.0,7.0,5.0,1.0,0.5,0.09999999999999998,0.8078181322438536,0.7809019612139737,100.0,10.0,6.0,1.0,100.0,1133230800.0,1389155100.0,7327.86,37632.41,3579376.2,8314053.0,35746268.0,359585340.0
32,0.5,0.5,0.5,0.5,0.5,1.0,0.5,2.0,0.5,0.5,0.5,0.5,0.5,1.0,0.5,2.0,0.5,10.0,10.0,10.0,10.0,10.0,10.0,10.0,10.0,10.0,10.0,10.0,10.000000000000057,0.8319789736226061,0.8003135201541757,80.0,7.0,5.0,1.0,0.5,0.09999999999999998,0.8078181322438536,0.7809019612139737,100.0,10.0,6.0,1.0,100.0,1170652800.0,1429855600.0,6350.0327,39412.812,3639278.2,8547619.0,37748450.0,375597820.0
33,0.5,0.5,0.5,0.5,0.5,1.0,0.5,2.0,0.5,0.5,0.5,0.5,0.5,1.0,0.5,2.0,0.5,10.0,10.0,10.0,10.0,10.0,10.0,10.0,10.0,10.0,10.0,10.0,10.000000000000057,0.8319789736226061,0.8003135201541757,80.0,7.0,5.0,1.0,0.5,0.09999999999999998,0.8078181322438536,0.7809019612139737,100.0,10.0,6.0,1.0,100.0,1211711200.0,1466357400.0,6650.732,40356.28,3695352.5,8760723.0,40144224.0,391613630.0
34,0.5,0.5,0.5,0.5,0.5,1.0,0.5,2.0,0.5,0.5,0.5,0.5,0.5,1.0,0.5,2.0,0.5,10.0,10.0,10.0,10.0,10.0,10.0,10.0,10.0,10.0,10.0,10.0,10.000000000000057,0.8319789736226061,0.8003135201541757,80.0,7.0,5.0,1.0,0.5,0.09999999999999998,0.8078181322438536,0.7809019612139737,100.0,10.0,6.0,1.0,100.0,1252545900.0,1500580100.0,7537.5767,41165.703,3744465.5,8962710.0,42764624.0,408065860.0
35,0.5,0.5,0.5,0.5,0.5,1.0,0.5,2.0,0.5,0.5,0.5,0.5,0.5,1.0,0.5,2.0,0.5,10.0,10.0,10.0,10.0,10.0,10.0,10.0,10.0,10.0,10.0,10.0,10.000000000000057,0.8319789736226061,0.8003135201541757,80.0,7.0,5.0,1.0,0.5,0.09999999999999998,0.8078181322438536,0.7809019612139737,100.0,10.0,6.0,1.0,100.0,1291034800.0,1534890100.0,8995.212,42286.72,3788840.2,9151402.0,45848904.0,424275360.0
36,0.5,0.5,0.5,0.5,0.5,1.0,0.5,2.0,0.5,0.5,0.5,0.5,0.5,1.0,0.5,2.0,0.5,10.0,10.0,10.0,10.0,10.0,10.0,10.0,10.0,10.0,10.0,10.0,10.000000000000057,0.8319789736226061,0.8003135201541757,80.0,7.0,5.0,1.0,0.5,0.09999999999999998,0.8078181322438536,0.7809019612139737,100.0,10.0,6.0,1.0,100.0,1327968400.0,1569378400.0,10587.996,43689.688,3818192.8,9332525.0,49725776.0,440518750.0
37,0.5,0.5,0.5,0.5,0.5,1.0,0.5,2.0,0.5,0.5,0.5,0.5,0.5,1.0,0.5,2.0,0.5,10.0,10.0,10.0,10.0,10.0,10.0,10.0,10.0,10.0,10.0,10.0,10.000000000000057,0.8319789736226061,0.8003135201541757,80.0,7.0,5.0,1.0,0.5,0.09999999999999998,0.8078181322438536,0.7809019612139737,100.0,10.0,6.0,1.0,100.0,1363662100.0,1604441500.0,12061.672,45413.21,3830534.0,9506019.0,54491590.0,456772580.0
38,0.5,0.5,0.5,0.5,0.5,1.0,0.5,2.0,0.5,0.5,0.5,0.5,0.5,1.0,0.5,2.0,0.5,10.0,10.0,10.0,10.0,10.0,10.0,10.0,10.0,10.0,10.0,10.0,10.000000000000057,0.8319789736226061,0.8003135201541757,80.0,7.0,5.0,1.0,0.5,0.09999999999999998,0.8078181322438536,0.7809019612139737,100.0,10.0,6.0,1.0,100.0,1398841000.0,1639887500.0,13313.073,47318.79,3825216.0,9674421.0,60031144.0,473028400.0
39,0.5,0.5,0.5,0.5,0.5,1.0,0.5,2.0,0.5,0.5,0.5,0.5,0.5,1.0,0.5,2.0,0.5,10.0,10.0,10.0,10.0,10.0,10.0,10.0,10.0,10.0,10.0,10.0,10.000000000000057,0.8319789736226061,0.8003135201541757,80.0,7.0,5.0,1.0,0.5,0.09999999999999998,0.8078181322438536,0.7809019612139737,100.0,10.0,6.0,1.0,100.0,1433112300.0,1675074000.0,14330.939,49566.375,3804707.5,9837962.0,66140250.0,489872700.0
40,0.5,0.5,0.5,0.5,0.5,1.0,0.5,2.0,0.5,0.5,0.5,0.5,0.5,1.0,0.5,2.0,0.5,10.0,10.0,10.0,10.0,10.0,10.0,10.0,10.0,10.0,10.0,10.0,10.000000000000057,0.8319789736226061,0.8003135201541757,80.0,7.0,5.0,1.0,0.5,0.09999999999999998,0.8078181322438536,0.7809019612139737,100.0,10.0,6.0,1.0,100.0,1466495500.0,1710124400.0,15161.791,52219.766,3767835.5,9995465.0,72921496.0,507595000.0
41,0.5,0.5,0.5,0.5,0.5,1.0,0.5,2.0,0.5,0.5,0.5,0.5,0.5,1.0,0.5,2.0,0.5,10.0,10.0,10.0,10.0,10.0,10.0,10.0,10.0,10.0,10.0,10.0,10.000000000000057,0.8319789736226061,0.8003135201541757,80.0,7.0,5.0,1.0,0.5,0.09999999999999998,0.8078181322438536,0.7809019612139737,100.0,10.0,6.0,1.0,100.0,1499291600.0,1745305200.0,15815.563,55311.875,3712006.8,10148098.0,80445730.0,526163040.0
42,0.5,0.5,0.5,0.5,0.5,1.0,0.5,2.0,0.5,0.5,0.5,0.5,0.5,1.0,0.5,2.0,0.5,10.0,10.0,10.0,10.0,10.0,10.0,10.0,10.0,10.0,10.0,10.0,10.000000000000057,0.8319789736226061,0.8003135201541757,80.0,7.0,5.0,1.0,0.5,0.09999999999999998,0.8078181322438536,0.7809019612139737,100.0,10.0,6.0,1.0,100.0,1532367600.0,1781161500.0,16284.452,59173.4,3639617.0,10297672.0,88656970.0,545373200.0
43,0.5,0.5,0.5,0.5,0.5,1.0,0.5,2.0,0.5,0.5,0.5,0.5,0.5,1.0,0.5,2.0,0.5,10.0,10.0,10.0,10.0,10.0,10.0,10.0,10.0,10.0,10.0,10.0,10.000000000000057,0.8319789736226061,0.8003135201541757,80.0,7.0,5.0,1.0,0.5,0.09999999999999998,0.8078181322438536,0.7809019612139737,100.0,10.0,6.0,1.0,100.0,1566104600.0,1818243700.0,17129.904,64160.484,3549045.0,10438961.0,98002390.0,565101100.0
44,0.5,0.5,0.5,0.5,0.5,1.0,0.5,2.0,0.5,0.5,0.5,0.5,0.5,1.0,0.5,2.0,0.5,10.0,10.0,10.0,10.0,10.0,10.0,10.0,10.0,10.0,10.0,10.0,10.000000000000057,0.8319789736226061,0.8003135201541757,80.0,7.0,5.0,1.0,0.5,0.09999999999999998,0.8078181322438536,0.7809019612139737,100.0,10.0,6.0,1.0,100.0,1600798500.0,1855975000.0,18254.729,70082.4,3449024.5,10576577.0,108655590.0,584856900.0
45,0.5,0.5,0.5,0.5,0.5,1.0,0.5,2.0,0.5,0.5,0.5,0.5,0.5,1.0,0.5,2.0,0.5,10.0,10.0,10.0,10.0,10.0,10.0,10.0,10.0,10.0,10.0,10.0,10.000000000000057,0.8319789736226061,0.8003135201541757,80.0,7.0,5.0,1.0,0.5,0.09999999999999998,0.8078181322438536,0.7809019612139737,100.0,10.0,6.0,1.0,100.0,1635737200.0,1893673000.0,19531.607,76291.62,3370142.2,10711482.0,120124800.0,603814660.0
46,0.5,0.5,0.5,0.5,0.5,1.0,0.5,2.0,0.5,0.5,0.5,0.5,0.5,1.0,0.5,2.0,0.5,10.0,10.0,10.0,10.0,10.0,10.0,10.0,10.0,10.0,10.0,10.0,10.000000000000057,0.8319789736226061,0.8003135201541757,80.0,7.0,5.0,1.0,0.5,0.09999999999999998,0.8078181322438536,0.7809019612139737,100.0,10.0,6.0,1.0,100.0,1670433000.0,1930586900.0,20861.365,81889.38,3322212.0,10848571.0,131622460.0,622083700.0
47,0.5,0.5,0.5,0.5,0.5,1.0,0.5,2.0,0.5,0.5,0.5,0.5,0.5,1.0,0.5,2.0,0.5,10.0,10.0,10.0,10.0,10.0,10.0,10.0,10.0,10.0,10.0,10.0,10.000000000000057,0.8319789736226061,0.8003135201541757,80.0,7.0,5.0,1.0,0.5,0.09999999999999998,0.8078181322438536,0.7809019612139737,100.0,10.0,6.0,1.0,100.0,1704518700.0,1967129900.0,22029.098,86666.42,3294364.2,10988900.0,142938060.0,639607100.0
48,0.5,0.5,0.5,0.5,0.5,1.0,0.5,2.0,0.5,0.5,0.5,0.5,0.5,1.0,0.5,2.0,0.5,10.0,10.0,10.0,10.0,10.0,10.0,10.0,10.0,10.0,10.0,10.0,10.000000000000057,0.8319789736226061,0.8003135201541757,80.0,7.0,5.0,1.0,0.5,0.09999999999999998,0.8078181322438536,0.7809019612139737,100.0,10.0,6.0,1.0,100.0,1737010200.0,2002463200.0,23111.262,90774.08,3286320.2,11132083.0,153603680.0,656290300.0
49,0.5,0.5,0.5,0.5,0.5,1.0,0.5,2.0,0.5,0.5,0.5,0.5,0.5,1.0,0.5,2.0,0.5,10.0,10.0,10.0,10.0,10.0,10.0,10.0,10.0,10.0,10.0,10.0,10.000000000000057,0.8319789736226061,0.8003135201541757,80.0,7.0,5.0,1.0,0.5,0.09999999999999998,0.8078181322438536,0.7809019612139737,100.0,10.0,6.0,1.0,100.0,1768207500.0,2036149400.0,24039.564,94197.836,3292401.2,11276576.0,163351300.0,672320830.0
50,0.5,0.5,0.5,0.5,0.5,1.0,0.5,2.0,0.5,0.5,0.5,0.5,0.5,1.0,0.5,2.0,0.5,10.0,10.0,10.0,10.0,10.0,10.0,10.0,10.0,10.0,10.0,10.0,10.000000000000057,0.8319789736226061,0.8003135201541757,80.0,7.0,5.0,1.0,0.5,0.09999999999999998,0.8078181322438536,0.7809019612139737,100.0,10.0,6.0,1.0,100.0,1797839600.0,2068343800.0,24745.643,97007.59,3307315.5,11420650.0,172114850.0,687932600.0
51,0.5,0.5,0.5,0.5,0.5,1.0,0.5,2.0,0.5,0.5,0.5,0.5,0.5,1.0,0.5,2.0,0.5,10.0,10.0,10.0,10.0,10.0,10.0,10.0,10.0,10.0,10.0,10.0,10.000000000000057,0.8319789736226061,0.8003135201541757,80.0,7.0,5.0,1.0,0.5,0.09999999999999998,0.8078181322438536,0.7809019612139737,100.0,10.0,6.0,1.0,100.0,1825425700.0,2099198500.0,25172.2,99309.24,3329143.2,11563148.0,179884780.0,703101440.0
52,0.5,0.5,0.5,0.5,0.5,1.0,0.5,2.0,0.5,0.5,0.5,0.5,0.5,1.0,0.5,2.0,0.5,10.0,10.0,10.0,10.0,10.0,10.0,10.0,10.0,10.0,10.0,10.0,10.000000000000057,0.8319789736226061,0.8003135201541757,80.0,7.0,5.0,1.0,0.5,0.09999999999999998,0.8078181322438536,0.7809019612139737,100.0,10.0,6.0,1.0,100.0,1851081500.0,2128713000.0,25175.105,101116.375,3361339.8,11704527.0,186565120.0,717427700.0
53,0.5,0.5,0.5,0.5,0.5,1.0,0.5,2.0,0.5,0.5,0.5,0.5,0.5,1.0,0.5,2.0,0.5,10.0,10.0,10.0,10.0,10.0,10.0,10.0,10.0,10.0,10.0,10.0,10.000000000000057,0.8319789736226061,0.8003135201541757,80.0,7.0,5.0,1.0,0.5,0.09999999999999998,0.8078181322438536,0.7809019612139737,100.0,10.0,6.0,1.0,100.0,1875203100.0,2156721400.0,24757.107,102469.25,3397986.8,11845176.0,191984460.0,731266700.0
54,0.5,0.5,0.5,0.5,0.5,1.0,0.5,2.0,0.5,0.5,0.5,0.5,0.5,1.0,0.5,2.0,0.5,10.0,10.0,10.0,10.0,10.0,10.0,10.0,10.0,10.0,10.0,10.0,10.000000000000057,0.8319789736226061,0.8003135201541757,80.0,7.0,5.0,1.0,0.5,0.09999999999999998,0.8078181322438536,0.7809019612139737,100.0,10.0,6.0,1.0,100.0,1897825500.0,2183699700.0,23973.19,103441.13,3434593.5,11984237.0,196422500.0,744829630.0
55,0.5,0.5,0.5,0.5,0.5,1.0,0.5,2.0,0.5,0.5,0.5,0.5,0.5,1.0,0.5,2.0,0.5,10.0,10.0,10.0,10.0,10.0,10.0,10.0,10.0,10.0,10.0,10.0,10.000000000000057,0.8319789736226061,0.8003135201541757,80.0,7.0,5.0,1.0,0.5,0.09999999999999998,0.8078181322438536,0.7809019612139737,100.0,10.0,6.0,1.0,100.0,1918550000.0,2210676500.0,23008.629,104292.29,3474318.5,12119542.0,200351380.0,758155650.0
56,0.5,0.5,0.5,0.5,0.5,1.0,0.5,2.0,0.5,0.5,0.5,0.5,0.5,1.0,0.5,2.0,0.5,10.0,10.0,10.0,10.0,10.0,10.0,10.0,10.0,10.0,10.0,10.0,10.000000000000057,0.8319789736226061,0.8003135201541757,80.0,7.0,5.0,1.0,0.5,0.09999999999999998,0.8078181322438536,0.7809019612139737,100.0,10.0,6.0,1.0,100.0,1938835600.0,2237888300.0,21654.088,104980.2,3514445.0,12253647.0,204077070.0,771448100.0
57,0.5,0.5,0.5,0.5,0.5,1.0,0.5,2.0,0.5,0.5,0.5,0.5,0.5,1.0,0.5,2.0,0.5,10.0,10.0,10.0,10.0,10.0,10.0,10.0,10.0,10.0,10.0,10.0,10.000000000000057,0.8319789736226061,0.8003135201541757,80.0,7.0,5.0,1.0,0.5,0.09999999999999998,0.8078181322438536,0.7809019612139737,100.0,10.0,6.0,1.0,100.0,1958508900.0,2265102800.0,19982.312,105606.734,3554605.0,12385767.0,207419890.0,784693060.0
58,0.5,0.5,0.5,0.5,0.5,1.0,0.5,2.0,0.5,0.5,0.5,0.5,0.5,1.0,0.5,2.0,0.5,10.0,10.0,10.0,10.0,10.0,10.0,10.0,10.0,10.0,10.0,10.0,10.000000000000057,0.8319789736226061,0.8003135201541757,80.0,7.0,5.0,1.0,0.5,0.09999999999999998,0.8078181322438536,0.7809019612139737,100.0,10.0,6.0,1.0,100.0,1977644300.0,2292193500.0,18001.922,106272.84,3593860.2,12514586.0,210265010.0,797740900.0
59,0.5,0.5,0.5,0.5,0.5,1.0,0.5,2.0,0.5,0.5,0.5,0.5,0.5,1.0,0.5,2.0,0.5,10.0,10.0,10.0,10.0,10.0,10.0,10.0,10.0,10.0,10.0,10.0,10.000000000000057,0.8319789736226061,0.8003135201541757,80.0,7.0,5.0,1.0,0.5,0.09999999999999998,0.8078181322438536,0.7809019612139737,100.0,10.0,6.0,1.0,100.0,1996049900.0,2319048000.0,15774.364,106930.664,3631026.8,12640829.0,212853970.0,810826100.0
60,0.5,0.5,0.5,0.5,0.5,1.0,0.5,2.0,0.5,0.5,0.5,0.5,0.5,1.0,0.5,2.0,0.5,10.0,10.0,10.0,10.0,10.0,10.0,10.0,10.0,10.0,10.0,10.0,10.000000000000057,0.8319789736226061,0.8003135201541757,80.0,7.0,5.0,1.0,0.5,0.09999999999999998,0.8078181322438536,0.7809019612139737,100.0,10.0,6.0,1.0,100.0,2013627800.0,2345628700.0,13365.151,107562.6,3666062.5,12764634.0,215238780.0,823985900.0
61,0.5,0.5,0.5,0.5,0.5,1.0,0.5,2.0,0.5,0.5,0.5,0.5,0.5,1.0,0.5,2.0,0.5,10.0,10.0,10.0,10.0,10.0,10.0,10.0,10.0,10.0,10.0,10.0,10.000000000000057,0.8319789736226061,0.8003135201541757,80.0,7.0,5.0,1.0,0.5,0.09999999999999998,0.8078181322438536,0.7809019612139737,100.0,10.0,6.0,1.0,100.0,2030282400.0,2371895800.0,10855.61,108143.41,3700083.8,12886162.0,217526510.0,837381100.0
62,0.5,0.5,0.5,0.5,0.5,1.0,0.5,2.0,0.5,0.5,0.5,0.5,0.5,1.0,0.5,2.0,0.5,10.0,10.0,10.0,10.0,10.0,10.0,10.0,10.0,10.0,10.0,10.0,10.000000000000057,0.8319789736226061,0.8003135201541757,80.0,7.0,5.0,1.0,0.5,0.09999999999999998,0.8078181322438536,0.7809019612139737,100.0,10.0,6.0,1.0,100.0,2046403100.0,2397804000.0,8292.675,108718.21,3735102.5,13005537.0,219894880.0,850922000.0
63,0.5,0.5,0.5,0.5,0.5,1.0,0.5,2.0,0.5,0.5,0.5,0.5,0.5,1.0,0.5,2.0,0.5,10.0,10.0,10.0,10.0,10.0,10.0,10.0,10.0,10.0,10.0,10.0,10.000000000000057,0.8319789736226061,0.8003135201541757,80.0,7.0,5.0,1.0,0.5,0.09999999999999998,0.8078181322438536,0.7809019612139737,100.0,10.0,6.0,1.0,100.0,2061633700.0,2423720700.0,6364.8086,110043.31,3769631.5,13113529.0,222683280.0,864235840.0
64,0.5,0.5,0.5,0.5,0.5,1.0,0.5,2.0,0.5,0.5,0.5,0.5,0.5,1.0,0.5,2.0,0.5,10.0,10.0,10.0,10.0,10.0,10.0,10.0,10.0,10.0,10.0,10.0,10.000000000000057,0.8319789736226061,0.8003135201541757,80.0,7.0,5.0,1.0,0.5,0.09999999999999998,0.8078181322438536,0.7809019612139737,100.0,10.0,6.0,1.0,100.0,2077052700.0,2449248000.0,4684.0386,111866.15,3800052.5,13217168.0,226122110.0,877311400.0
65,0.5,0.5,0.5,0.5,0.5,1.0,0.5,2.0,0.5,0.5,0.5,0.5,0.5,1.0,0.5,2.0,0.5,10.0,10.0,10.0,10.0,10.0,10.0,10.0,10.0,10.0,10.0,10.0,10.000000000000057,0.8319789736226061,0.8003135201541757,80.0,7.0,5.0,1.0,0.5,0.09999999999999998,0.8078181322438536,0.7809019612139737,100.0,10.0,6.0,1.0,100.0,2092443900.0,2474312400.0,3162.9612,114006.42,3828640.0,13318521.0,229969070.0,889925060.0
66,0.5,0.5,0.5,0.5,0.5,1.0,0.5,2.0,0.5,0.5,0.5,0.5,0.5,1.0,0.5,2.0,0.5,10.0,10.0,10.0,10.0,10.0,10.0,10.0,10.0,10.0,10.0,10.0,10.000000000000057,0.8319789736226061,0.8003135201541757,80.0,7.0,5.0,1.0,0.5,0.09999999999999998,0.8078181322438536,0.7809019612139737,100.0,10.0,6.0,1.0,100.0,2107663200.0,2498714000.0,1770.0457,116326.86,3857531.5,13418192.0,233974500.0,901888960.0
67,0.5,0.5,0.5,0.5,0.5,1.0,0.5,2.0,0.5,0.5,0.5,0.5,0.5,1.0,0.5,2.0,0.5,10.0,10.0,10.0,10.0,10.0,10.0,10.0,10.0,10.0,10.0,10.0,10.000000000000057,0.8319789736226061,0.8003135201541757,80.0,7.0,5.0,1.0,0.5,0.09999999999999998,0.8078181322438536,0.7809019612139737,100.0,10.0,6.0,1.0,100.0,2122805500.0,2522370300.0,499.27472,118756.016,3888115.8,13516069.0,237940860.0,913129200.0
68,0.5,0.5,0.5,0.5,0.5,1.0,0.5,2.0,0.5,0.5,0.5,0.5,0.5,1.0,0.5,2.0,0.5,10.0,10.0,10.0,10.0,10.0,10.0,10.0,10.0,10.0,10.0,10.0,10.000000000000057,0.8319789736226061,0.8003135201541757,80.0,7.0,5.0,1.0,0.5,0.09999999999999998,0.8078181322438536,0.7809019612139737,100.0,10.0,6.0,1.0,100.0,2137801100.0,2545210000.0,-666.37836,121222.66,3921358.5,13612816.0,241770500.0,923630100.0
69,0.5,0.5,0.5,0.5,0.5,1.0,0.5,2.0,0.5,0.5,0.5,0.5,0.5,1.0,0.5,2.0,0.5,10.0,10.0,10.0,10.0,10.0,10.0,10.0,10.0,10.0,10.0,10.0,10.000000000000057,0.8319789736226061,0.8003135201541757,80.0,7.0,5.0,1.0,0.5,0.09999999999999998,0.8078181322438536,0.7809019612139737,100.0,10.0,6.0,1.0,100.0,2152549000.0,2567259000.0,-1750.4976,123648.05,3957056.8,13709366.0,245471220.0,933503700.0
70,0.5,0.5,0.5,0.5,0.5,1.0,0.5,2.0,0.5,0.5,0.5,0.5,0.5,1.0,0.5,2.0,0.5,10.0,10.0,10.0,10.0,10.0,10.0,10.0,10.0,10.0,10.0,10.0,10.000000000000057,0.8319789736226061,0.8003135201541757,80.0,7.0,5.0,1.0,0.5,0.09999999999999998,0.8078181322438536,0.7809019612139737,100.0,10.0,6.0,1.0,100.0,2166999800.0,2588553000.0,-2759.1145,125967.086,3995272.8,13806282.0,249003090.0,942787500.0
71,0.5,0.5,0.5,0.5,0.5,1.0,0.5,2.0,0.5,0.5,0.5,0.5,0.5,1.0,0.5,2.0,0.5,10.0,10.0,10.0,10.0,10.0,10.0,10.0,10.0,10.0,10.0,10.0,10.000000000000057,0.8319789736226061,0.8003135201541757,80.0,7.0,5.0,1.0,0.5,0.09999999999999998,0.8078181322438536,0.7809019612139737,100.0,10.0,6.0,1.0,100.0,2181159400.0,2609165300.0,-3691.3948,128137.2,4036009.5,13904141.0,252355400.0,951541000.0
72,0.5,0.5,0.5,0.5,0.5,1.0,0.5,2.0,0.5,0.5,0.5,0.5,0.5,1.0,0.5,2.0,0.5,10.0,10.0,10.0,10.0,10.0,10.0,10.0,10.0,10.0,10.0,10.0,10.000000000000057,0.8319789736226061,0.8003135201541757,80.0,7.0,5.0,1.0,0.5,0.09999999999999998,0.8078181322438536,0.7809019612139737,100.0,10.0,6.0,1.0,100.0,2195081500.0,2629128400.0,-4550.7153,130132.58,4079414.8,14003151.0,255505260.0,959831360.0
73,0.5,0.5,0.5,0.5,0.5,1.0,0.5,2.0,0.5,0.5,0.5,0.5,0.5,1.0,0.5,2.0,0.5,10.0,10.0,10.0,10.0,10.0,10.0,10.0,10.0,10.0,10.0,10.0,10.000000000000057,0.8319789736226061,0.8003135201541757,80.0,7.0,5.0,1.0,0.5,0.09999999999999998,0.8078181322438536,0.7809019612139737,100.0,10.0,6.0,1.0,100.0,2208832500.0,2648444400.0,-5340.3413,131937.58,4125347.5,14103212.0,258422450.0,967723460.0
74,0.5,0.5,0.5,0.5,0.5,1.0,0.5,2.0,0.5,0.5,0.5,0.5,0.5,1.0,0.5,2.0,0.5,10.0,10.0,10.0,10.0,10.0,10.0,10.0,10.0,10.0,10.0,10.0,10.000000000000057,0.8319789736226061,0.8003135201541757,80.0,7.0,5.0,1.0,0.5,0.09999999999999998,0.8078181322438536,0.7809019612139737,100.0,10.0,6.0,1.0,100.0,2222466600.0,2667138800.0,-6061.546,133548.66,4173364.2,14204227.0,261098030.0,975274100.0
75,0.5,0.5,0.5,0.5,0.5,1.0,0.5,2.0,0.5,0.5,0.5,0.5,0.5,1.0,0.5,2.0,0.5,10.0,10.0,10.0,10.0,10.0,10.0,10.0,10.0,10.0,10.0,10.0,10.000000000000057,0.8319789736226061,0.8003135201541757,80.0,7.0,5.0,1.0,0.5,0.09999999999999998,0.8078181322438536,0.7809019612139737,100.0,10.0,6.0,1.0,100.0,2236030500.0,2685249800.0,-6714.979,134969.33,4222972.0,14306127.0,263530260.0,982525700.0
76,0.5,0.5,0.5,0.5,0.5,1.0,0.5,2.0,0.5,0.5,0.5,0.5,0.5,1.0,0.5,2.0,0.5,10.0,10.0,10.0,10.0,10.0,10.0,10.0,10.0,10.0,10.0,10.0,10.000000000000057,0.8319789736226061,0.8003135201541757,80.0,7.0,5.0,1.0,0.5,0.09999999999999998,0.8078181322438536,0.7809019612139737,100.0,10.0,6.0,1.0,100.0,2249570800.0,2702818800.0,-7300.2275,136209.64,4273663.0,14408846.0,265724600.0,989515300.0
77,0.5,0.5,0.5,0.5,0.5,1.0,0.5,2.0,0.5,0.5,0.5,0.5,0.5,1.0,0.5,2.0,0.5,10.0,10.0,10.0,10.0,10.0,10.0,10.0,10.0,10.0,10.0,10.0,10.000000000000057,0.8319789736226061,0.8003135201541757,80.0,7.0,5.0,1.0,0.5,0.09999999999999998,0.8078181322438536,0.7809019612139737,100.0,10.0,6.0,1.0,100.0,2263136300.0,2719889700.0,-7815.875,137283.03,4324929.0,14512323.0,267689230.0,996273800.0
78,0.5,0.5,0.5,0.5,0.5,1.0,0.5,2.0,0.5,0.5,0.5,0.5,0.5,1.0,0.5,2.0,0.5,10.0,10.0,10.0,10.0,10.0,10.0,10.0,10.0,10.0,10.0,10.0,10.000000000000057,0.8319789736226061,0.8003135201541757,80.0,7.0,5.0,1.0,0.5,0.09999999999999998,0.8078181322438536,0.7809019612139737,100.0,10.0,6.0,1.0,100.0,2276777200.0,2736508400.0,-8259.221,138204.61,4376291.0,14616533.0,269434880.0,1002826600.0
79,0.5,0.5,0.5,0.5,0.5,1.0,0.5,2.0,0.5,0.5,0.5,0.5,0.5,1.0,0.5,2.0,0.5,10.0,10.0,10.0,10.0,10.0,10.0,10.0,10.0,10.0,10.0,10.0,10.000000000000057,0.8319789736226061,0.8003135201541757,80.0,7.0,5.0,1.0,0.5,0.09999999999999998,0.8078181322438536,0.7809019612139737,100.0,10.0,6.0,1.0,100.0,2290543600.0,2752722200.0,-8626.772,138990.14,4427303.0,14721472.0,270973540.0,1009194750.0
80,0.5,0.5,0.5,0.5,0.5,1.0,0.5,2.0,0.5,0.5,0.5,0.5,0.5,1.0,0.5,2.0,0.5,10.0,10.0,10.0,10.0,10.0,10.0,10.0,10.0,10.0,10.0,10.0,10.000000000000057,0.8319789736226061,0.8003135201541757,80.0,7.0,5.0,1.0,0.5,0.09999999999999998,0.8078181322438536,0.7809019612139737,100.0,10.0,6.0,1.0,100.0,2304487400.0,2768578600.0,-8914.029,139655.14,4477564.0,14827187.0,272318240.0,1015395600.0
81,0.5,0.5,0.5,0.5,0.5,1.0,0.5,2.0,0.5,0.5,0.5,0.5,0.5,1.0,0.5,2.0,0.5,10.0,10.0,10.0,10.0,10.0,10.0,10.0,10.0,10.0,10.0,10.0,10.000000000000057,0.8319789736226061,0.8003135201541757,80.0,7.0,5.0,1.0,0.5,0.09999999999999998,0.8078181322438536,0.7809019612139737,100.0,10.0,6.0,1.0,100.0,2318660400.0,2784125700.0,-9115.633,140214.55,4526709.0,14933737.0,273480830.0,1021440800.0
82,0.5,0.5,0.5,0.5,0.5,1.0,0.5,2.0,0.5,0.5,0.5,0.5,0.5,1.0,0.5,2.0,0.5,10.0,10.0,10.0,10.0,10.0,10.0,10.0,10.0,10.0,10.0,10.0,10.000000000000057,0.8319789736226061,0.8003135201541757,80.0,7.0,5.0,1.0,0.5,0.09999999999999998,0.8078181322438536,0.7809019612139737,100.0,10.0,6.0,1.0,100.0,2333117400.0,2799410700.0,-9226.057,140681.27,4574428.0,15041223.0,274473860.0,1027342460.0
83,0.5,0.5,0.5,0.5,0.5,1.0,0.5,2.0,0.5,0.5,0.5,0.5,0.5,1.0,0.5,2.0,0.5,10.0,10.0,10.0,10.0,10.0,10.0,10.0,10.0,10.0,10.0,10.0,10.000000000000057,0.8319789736226061,0.8003135201541757,80.0,7.0,5.0,1.0,0.5,0.09999999999999998,0.8078181322438536,0.7809019612139737,100.0,10.0,6.0,1.0,100.0,2347914500.0,2814481200.0,-9239.043,141067.42,4620462.5,15149779.0,275308580.0,1033106900.0
84,0.5,0.5,0.5,0.5,0.5,1.0,0.5,2.0,0.5,0.5,0.5,0.5,0.5,1.0,0.5,2.0,0.5,10.0,10.0,10.0,10.0,10.0,10.0,10.0,10.0,10.0,10.0,10.0,10.000000000000057,0.8319789736226061,0.8003135201541757,80.0,7.0,5.0,1.0,0.5,0.09999999999999998,0.8078181322438536,0.7809019612139737,100.0,10.0,6.0,1.0,100.0,2363138800.0,2829472800.0,-9181.643,141383.86,4664249.5,15259446.0,276003140.0,1038725950.0
85,0.5,0.5,0.5,0.5,0.5,1.0,0.5,2.0,0.5,0.5,0.5,0.5,0.5,1.0,0.5,2.0,0.5,10.0,10.0,10.0,10.0,10.0,10.0,10.0,10.0,10.0,10.0,10.0,10.000000000000057,0.8319789736226061,0.8003135201541757,80.0,7.0,5.0,1.0,0.5,0.09999999999999998,0.8078181322438536,0.7809019612139737,100.0,10.0,6.0,1.0,100.0,2378803500.0,2844512300.0,-9072.567,141649.53,4705668.0,15370060.0,276585380.0,1044240200.0
86,0.5,0.5,0.5,0.5,0.5,1.0,0.5,2.0,0.5,0.5,0.5,0.5,0.5,1.0,0.5,2.0,0.5,10.0,10.0,10.0,10.0,10.0,10.0,10.0,10.0,10.0,10.0,10.0,10.000000000000057,0.8319789736226061,0.8003135201541757,80.0,7.0,5.0,1.0,0.5,0.09999999999999998,0.8078181322438536,0.7809019612139737,100.0,10.0,6.0,1.0,100.0,2394904600.0,2859672600.0,-8907.676,141892.2,4744837.0,15481455.0,277095800.0,1049735400.0
87,0.5,0.5,0.5,0.5,0.5,1.0,0.5,2.0,0.5,0.5,0.5,0.5,0.5,1.0,0.5,2.0,0.5,10.0,10.0,10.0,10.0,10.0,10.0,10.0,10.0,10.0,10.0,10.0,10.000000000000057,0.8319789736226061,0.8003135201541757,80.0,7.0,5.0,1.0,0.5,0.09999999999999998,0.8078181322438536,0.7809019612139737,100.0,10.0,6.0,1.0,100.0,2411499800.0,2875038700.0,-8693.79,142138.39,4781539.0,15593622.0,277573000.0,1055277630.0
88,0.5,0.5,0.5,0.5,0.5,1.0,0.5,2.0,0.5,0.5,0.5,0.5,0.5,1.0,0.5,2.0,0.5,10.0,10.0,10.0,10.0,10.0,10.0,10.0,10.0,10.0,10.0,10.0,10.000000000000057,0.8319789736226061,0.8003135201541757,80.0,7.0,5.0,1.0,0.5,0.09999999999999998,0.8078181322438536,0.7809019612139737,100.0,10.0,6.0,1.0,100.0,2428430300.0,2890742500.0,-8420.117,142385.1,4815570.0,15706459.0,278026020.0,1061065540.0
89,0.5,0.5,0.5,0.5,0.5,1.0,0.5,2.0,0.5,0.5,0.5,0.5,0.5,1.0,0.5,2.0,0.5,10.0,10.0,10.0,10.0,10.0,10.0,10.0,10.0,10.0,10.0,10.0,10.000000000000057,0.8319789736226061,0.8003135201541757,80.0,7.0,5.0,1.0,0.5,0.09999999999999998,0.8078181322438536,0.7809019612139737,100.0,10.0,6.0,1.0,100.0,2445825300.0,2906901200.0,-8105.493,142636.47,4846951.0,15820417.0,278514370.0,1067070100.0
90,0.5,0.5,0.5,0.5,0.5,1.0,0.5,2.0,0.5,0.5,0.5,0.5,0.5,1.0,0.5,2.0,0.5,10.0,10.0,10.0,10.0,10.0,10.0,10.0,10.0,10.0,10.0,10.0,10.000000000000057,0.8319789736226061,0.8003135201541757,80.0,7.0,5.0,1.0,0.5,0.09999999999999998,0.8078181322438536,0.7809019612139737,100.0,10.0,6.0,1.0,100.0,2463819800.0,2923605500.0,-7746.3994,142970.39,4875969.5,15934853.0,279110800.0,1073323970.0
91,0.5,0.5,0.5,0.5,0.5,1.0,0.5,2.0,0.5,0.5,0.5,0.5,0.5,1.0,0.5,2.0,0.5,10.0,10.0,10.0,10.0,10.0,10.0,10.0,10.0,10.0,10.0,10.0,10.000000000000057,0.8319789736226061,0.8003135201541757,80.0,7.0,5.0,1.0,0.5,0.09999999999999998,0.8078181322438536,0.7809019612139737,100.0,10.0,6.0,1.0,100.0,2482485000.0,2940965600.0,-7365.8174,143436.28,4902419.0,16049619.0,279860100.0,1079883100.0
92,0.5,0.5,0.5,0.5,0.5,1.0,0.5,2.0,0.5,0.5,0.5,0.5,0.5,1.0,0.5,2.0,0.5,10.0,10.0,10.0,10.0,10.0,10.0,10.0,10.0,10.0,10.0,10.0,10.000000000000057,0.8319789736226061,0.8003135201541757,80.0,7.0,5.0,1.0,0.5,0.09999999999999998,0.8078181322438536,0.7809019612139737,100.0,10.0,6.0,1.0,100.0,2501784300.0,2959041800.0,-6990.365,144053.36,4926080.0,16164686.0,280780600.0,1086758500.0
93,0.5,0.5,0.5,0.5,0.5,1.0,0.5,2.0,0.5,0.5,0.5,0.5,0.5,1.0,0.5,2.0,0.5,10.0,10.0,10.0,10.0,10.0,10.0,10.0,10.0,10.0,10.0,10.0,10.000000000000057,0.8319789736226061,0.8003135201541757,80.0,7.0,5.0,1.0,0.5,0.09999999999999998,0.8078181322438536,0.7809019612139737,100.0,10.0,6.0,1.0,100.0,2521645800.0,2977838300.0,-6634.4463,144824.03,4946955.0,16280061.0,281867650.0,1093931900.0
94,0.5,0.5,0.5,0.5,0.5,1.0,0.5,2.0,0.5,0.5,0.5,0.5,0.5,1.0,0.5,2.0,0.5,10.0,10.0,10.0,10.0,10.0,10.0,10.0,10.0,10.0,10.0,10.0,10.000000000000057,0.8319789736226061,0.8003135201541757,80.0,7.0,5.0,1.0,0.5,0.09999999999999998,0.8078181322438536,0.7809019612139737,100.0,10.0,6.0,1.0,100.0,2542002200.0,2997316600.0,-6302.11,145743.77,4965159.0,16395749.0,283110820.0,1101377300.0
95,0.5,0.5,0.5,0.5,0.5,1.0,0.5,2.0,0.5,0.5,0.5,0.5,0.5,1.0,0.5,2.0,0.5,10.0,10.0,10.0,10.0,10.0,10.0,10.0,10.0,10.0,10.0,10.0,10.000000000000057,0.8319789736226061,0.8003135201541757,80.0,7.0,5.0,1.0,0.5,0.09999999999999998,0.8078181322438536,0.7809019612139737,100.0,10.0,6.0,1.0,100.0,2562788900.0,3017405000.0,-5992.2974,146801.1,4980943.0,16511766.0,284494500.0,1109054200.0
96,0.5,0.5,0.5,0.5,0.5,1.0,0.5,2.0,0.5,0.5,0.5,0.5,0.5,1.0,0.5,2.0,0.5,10.0,10.0,10.0,10.0,10.0,10.0,10.0,10.0,10.0,10.0,10.0,10.000000000000057,0.8319789736226061,0.8003135201541757,80.0,7.0,5.0,1.0,0.5,0.09999999999999998,0.8078181322438536,0.7809019612139737,100.0,10.0,6.0,1.0,100.0,2583946500.0,3038024200.0,-5699.4985,147979.86,4994510.0,16628190.0,285989470.0,1116913200.0
97,0.5,0.5,0.5,0.5,0.5,1.0,0.5,2.0,0.5,0.5,0.5,0.5,0.5,1.0,0.5,2.0,0.5,10.0,10.0,10.0,10.0,10.0,10.0,10.0,10.0,10.0,10.0,10.0,10.000000000000057,0.8319789736226061,0.8003135201541757,80.0,7.0,5.0,1.0,0.5,0.09999999999999998,0.8078181322438536,0.7809019612139737,100.0,10.0,6.0,1.0,100.0,2605425700.0,3059094000.0,-5414.5166,149261.08,5006099.0,16745142.0,287567580.0,1124904300.0
98,0.5,0.5,0.5,0.5,0.5,1.0,0.5,2.0,0.5,0.5,0.5,0.5,0.5,1.0,0.5,2.0,0.5,10.0,10.0,10.0,10.0,10.0,10.0,10.0,10.0,10.0,10.0,10.0,10.000000000000057,0.8319789736226061,0.8003135201541757,80.0,7.0,5.0,1.0,0.5,0.09999999999999998,0.8078181322438536,0.7809019612139737,100.0,10.0,6.0,1.0,100.0,2627189200.0,3080533500.0,-5125.6987,150625.66,5015968.0,16862736.0,289202780.0,1132981100.0
99,0.5,0.5,0.5,0.5,0.5,1.0,0.5,2.0,0.5,0.5,0.5,0.5,0.5,1.0,0.5,2.0,0.5,10.0,10.0,10.0,10.0,10.0,10.0,10.0,10.0,10.0,10.0,10.0,10.000000000000057,0.8319789736226061,0.8003135201541757,80.0,7.0,5.0,1.0,0.5,0.09999999999999998,0.8078181322438536,0.7809019612139737,100.0,10.0,6.0,1.0,100.0,2649216000.0,3102268700.0,-4821.276,152055.28,5024398.0,16981102.0,290872740.0,1141102800.0
